"MD","PLOT_DATE","clim_mean","clim_min","clim_max","q10","q25","q75","q90","PRECIP","PRECIP_CUM","ECCC_SOURCE","ECCC_AES","ECCC_STATION_ID","ECCC_STATION_NAME","hover_bar","pct_normal","hover_value","hover_mean","hover_band25","hover_band10","AES","NAME","por_start","por_end"
"04-01",2001-04-01,1.51052631578947,0,16.3,0,0,0.6,3.28,NA,NA,NA,NA,NA,NA,"",NA,"","DATE: Apr-01<br><b>Normal cumulative precipitation</b><br>1.5 mm<br>Period: 1991-2020","DATE: Apr-01<br><b>25-75 percentile</b><br>0.0 to 0.6 mm","DATE: Apr-01<br><b>10-90 percentile</b><br>0.0 to 3.3 mm","3065475","RICH+LAKE+AGDM",2001,2024
"04-02",2001-04-02,1.73684210526316,0,17.2,0,0,1.3,3.36,NA,NA,NA,NA,NA,NA,"",NA,"","DATE: Apr-02<br><b>Normal cumulative precipitation</b><br>1.7 mm<br>Period: 1991-2020","DATE: Apr-02<br><b>25-75 percentile</b><br>0.0 to 1.3 mm","DATE: Apr-02<br><b>10-90 percentile</b><br>0.0 to 3.4 mm","3065475","RICH+LAKE+AGDM",2001,2024
"04-03",2001-04-03,1.94736842105263,0,18.6,0,0,1.75,3.44,NA,NA,NA,NA,NA,NA,"",NA,"","DATE: Apr-03<br><b>Normal cumulative precipitation</b><br>1.9 mm<br>Period: 1991-2020","DATE: Apr-03<br><b>25-75 percentile</b><br>0.0 to 1.8 mm","DATE: Apr-03<br><b>10-90 percentile</b><br>0.0 to 3.4 mm","3065475","RICH+LAKE+AGDM",2001,2024
"04-04",2001-04-04,2.17368421052632,0,18.6,0,0,1.75,4.64,NA,NA,NA,NA,NA,NA,"",NA,"","DATE: Apr-04<br><b>Normal cumulative precipitation</b><br>2.2 mm<br>Period: 1991-2020","DATE: Apr-04<br><b>25-75 percentile</b><br>0.0 to 1.8 mm","DATE: Apr-04<br><b>10-90 percentile</b><br>0.0 to 4.6 mm","3065475","RICH+LAKE+AGDM",2001,2024
"04-05",2001-04-05,3.05789473684211,0,18.6,0,0.55,3.95,7.62,NA,NA,NA,NA,NA,NA,"",NA,"","DATE: Apr-05<br><b>Normal cumulative precipitation</b><br>3.1 mm<br>Period: 1991-2020","DATE: Apr-05<br><b>25-75 percentile</b><br>0.6 to 4.0 mm","DATE: Apr-05<br><b>10-90 percentile</b><br>0.0 to 7.6 mm","3065475","RICH+LAKE+AGDM",2001,2024
"04-06",2001-04-06,3.68947368421053,0,19.5,0,0.7,5.05,8.74,NA,NA,NA,NA,NA,NA,"",NA,"","DATE: Apr-06<br><b>Normal cumulative precipitation</b><br>3.7 mm<br>Period: 1991-2020","DATE: Apr-06<br><b>25-75 percentile</b><br>0.7 to 5.1 mm","DATE: Apr-06<br><b>10-90 percentile</b><br>0.0 to 8.7 mm","3065475","RICH+LAKE+AGDM",2001,2024
"04-07",2001-04-07,4.07894736842105,0,21.1,0,0.85,5.7,9.22,NA,NA,NA,NA,NA,NA,"",NA,"","DATE: Apr-07<br><b>Normal cumulative precipitation</b><br>4.1 mm<br>Period: 1991-2020","DATE: Apr-07<br><b>25-75 percentile</b><br>0.8 to 5.7 mm","DATE: Apr-07<br><b>10-90 percentile</b><br>0.0 to 9.2 mm","3065475","RICH+LAKE+AGDM",2001,2024
"04-08",2001-04-08,4.35263157894737,0,21.1,0,0.85,6.65,9.22,NA,NA,NA,NA,NA,NA,"",NA,"","DATE: Apr-08<br><b>Normal cumulative precipitation</b><br>4.4 mm<br>Period: 1991-2020","DATE: Apr-08<br><b>25-75 percentile</b><br>0.8 to 6.6 mm","DATE: Apr-08<br><b>10-90 percentile</b><br>0.0 to 9.2 mm","3065475","RICH+LAKE+AGDM",2001,2024
"04-09",2001-04-09,5.55789473684211,0,21.1,0.48,1.2,9.15,10.72,NA,NA,NA,NA,NA,NA,"",NA,"","DATE: Apr-09<br><b>Normal cumulative precipitation</b><br>5.6 mm<br>Period: 1991-2020","DATE: Apr-09<br><b>25-75 percentile</b><br>1.2 to 9.1 mm","DATE: Apr-09<br><b>10-90 percentile</b><br>0.5 to 10.7 mm","3065475","RICH+LAKE+AGDM",2001,2024
"04-10",2001-04-10,5.93684210526316,0,21.1,0.48,1.5,9.25,12.64,NA,NA,NA,NA,NA,NA,"",NA,"","DATE: Apr-10<br><b>Normal cumulative precipitation</b><br>5.9 mm<br>Period: 1991-2020","DATE: Apr-10<br><b>25-75 percentile</b><br>1.5 to 9.2 mm","DATE: Apr-10<br><b>10-90 percentile</b><br>0.5 to 12.6 mm","3065475","RICH+LAKE+AGDM",2001,2024
"04-11",2001-04-11,6.44736842105263,0,21.1,0.48,2.4,9.25,12.64,NA,NA,NA,NA,NA,NA,"",NA,"","DATE: Apr-11<br><b>Normal cumulative precipitation</b><br>6.4 mm<br>Period: 1991-2020","DATE: Apr-11<br><b>25-75 percentile</b><br>2.4 to 9.2 mm","DATE: Apr-11<br><b>10-90 percentile</b><br>0.5 to 12.6 mm","3065475","RICH+LAKE+AGDM",2001,2024
"04-12",2001-04-12,7.12105263157895,0,21.1,1.32,3.05,9.9,12.64,NA,NA,NA,NA,NA,NA,"",NA,"","DATE: Apr-12<br><b>Normal cumulative precipitation</b><br>7.1 mm<br>Period: 1991-2020","DATE: Apr-12<br><b>25-75 percentile</b><br>3.0 to 9.9 mm","DATE: Apr-12<br><b>10-90 percentile</b><br>1.3 to 12.6 mm","3065475","RICH+LAKE+AGDM",2001,2024
"04-13",2001-04-13,8.67894736842105,0.6,21.1,1.66,3.15,13.25,18.1,NA,NA,NA,NA,NA,NA,"",NA,"","DATE: Apr-13<br><b>Normal cumulative precipitation</b><br>8.7 mm<br>Period: 1991-2020","DATE: Apr-13<br><b>25-75 percentile</b><br>3.1 to 13.2 mm","DATE: Apr-13<br><b>10-90 percentile</b><br>1.7 to 18.1 mm","3065475","RICH+LAKE+AGDM",2001,2024
"04-14",2001-04-14,12.8157894736842,1.2,46.6,2.62,4.35,17.5,26.34,NA,NA,NA,NA,NA,NA,"",NA,"","DATE: Apr-14<br><b>Normal cumulative precipitation</b><br>12.8 mm<br>Period: 1991-2020","DATE: Apr-14<br><b>25-75 percentile</b><br>4.3 to 17.5 mm","DATE: Apr-14<br><b>10-90 percentile</b><br>2.6 to 26.3 mm","3065475","RICH+LAKE+AGDM",2001,2024
"04-15",2001-04-15,13.8368421052632,1.2,49.1,2.62,5.6,17.5,27.14,NA,NA,NA,NA,NA,NA,"",NA,"","DATE: Apr-15<br><b>Normal cumulative precipitation</b><br>13.8 mm<br>Period: 1991-2020","DATE: Apr-15<br><b>25-75 percentile</b><br>5.6 to 17.5 mm","DATE: Apr-15<br><b>10-90 percentile</b><br>2.6 to 27.1 mm","3065475","RICH+LAKE+AGDM",2001,2024
"04-16",2001-04-16,14.1368421052632,1.2,49.1,2.62,5.85,18.2,27.14,NA,NA,NA,NA,NA,NA,"",NA,"","DATE: Apr-16<br><b>Normal cumulative precipitation</b><br>14.1 mm<br>Period: 1991-2020","DATE: Apr-16<br><b>25-75 percentile</b><br>5.8 to 18.2 mm","DATE: Apr-16<br><b>10-90 percentile</b><br>2.6 to 27.1 mm","3065475","RICH+LAKE+AGDM",2001,2024
"04-17",2001-04-17,14.4736842105263,1.2,53.3,2.62,5.85,19.3,27.14,NA,NA,NA,NA,NA,NA,"",NA,"","DATE: Apr-17<br><b>Normal cumulative precipitation</b><br>14.5 mm<br>Period: 1991-2020","DATE: Apr-17<br><b>25-75 percentile</b><br>5.8 to 19.3 mm","DATE: Apr-17<br><b>10-90 percentile</b><br>2.6 to 27.1 mm","3065475","RICH+LAKE+AGDM",2001,2024
"04-18",2001-04-18,15.7052631578947,1.2,55.7,2.86,7.95,19.3,27.14,NA,NA,NA,NA,NA,NA,"",NA,"","DATE: Apr-18<br><b>Normal cumulative precipitation</b><br>15.7 mm<br>Period: 1991-2020","DATE: Apr-18<br><b>25-75 percentile</b><br>7.9 to 19.3 mm","DATE: Apr-18<br><b>10-90 percentile</b><br>2.9 to 27.1 mm","3065475","RICH+LAKE+AGDM",2001,2024
"04-19",2001-04-19,16.2421052631579,1.2,55.7,2.98,7.95,21.5,27.14,NA,NA,NA,NA,NA,NA,"",NA,"","DATE: Apr-19<br><b>Normal cumulative precipitation</b><br>16.2 mm<br>Period: 1991-2020","DATE: Apr-19<br><b>25-75 percentile</b><br>7.9 to 21.5 mm","DATE: Apr-19<br><b>10-90 percentile</b><br>3.0 to 27.1 mm","3065475","RICH+LAKE+AGDM",2001,2024
"04-20",2001-04-20,16.7631578947368,1.2,55.7,3.76,8.9,21.55,27.14,NA,NA,NA,NA,NA,NA,"",NA,"","DATE: Apr-20<br><b>Normal cumulative precipitation</b><br>16.8 mm<br>Period: 1991-2020","DATE: Apr-20<br><b>25-75 percentile</b><br>8.9 to 21.6 mm","DATE: Apr-20<br><b>10-90 percentile</b><br>3.8 to 27.1 mm","3065475","RICH+LAKE+AGDM",2001,2024
"04-21",2001-04-21,17.5421052631579,1.2,55.7,3.76,8.9,24.05,31.06,NA,NA,NA,NA,NA,NA,"",NA,"","DATE: Apr-21<br><b>Normal cumulative precipitation</b><br>17.5 mm<br>Period: 1991-2020","DATE: Apr-21<br><b>25-75 percentile</b><br>8.9 to 24.0 mm","DATE: Apr-21<br><b>10-90 percentile</b><br>3.8 to 31.1 mm","3065475","RICH+LAKE+AGDM",2001,2024
"04-22",2001-04-22,17.6526315789474,1.2,55.7,4.08,8.9,24.15,31.18,NA,NA,NA,NA,NA,NA,"",NA,"","DATE: Apr-22<br><b>Normal cumulative precipitation</b><br>17.7 mm<br>Period: 1991-2020","DATE: Apr-22<br><b>25-75 percentile</b><br>8.9 to 24.1 mm","DATE: Apr-22<br><b>10-90 percentile</b><br>4.1 to 31.2 mm","3065475","RICH+LAKE+AGDM",2001,2024
"04-23",2001-04-23,20.4578947368421,1.2,57.1,4.86,9.55,27.05,37.82,NA,NA,NA,NA,NA,NA,"",NA,"","DATE: Apr-23<br><b>Normal cumulative precipitation</b><br>20.5 mm<br>Period: 1991-2020","DATE: Apr-23<br><b>25-75 percentile</b><br>9.6 to 27.0 mm","DATE: Apr-23<br><b>10-90 percentile</b><br>4.9 to 37.8 mm","3065475","RICH+LAKE+AGDM",2001,2024
"04-24",2001-04-24,21.6210526315789,1.2,59.8,4.86,9.55,29.7,37.82,NA,NA,NA,NA,NA,NA,"",NA,"","DATE: Apr-24<br><b>Normal cumulative precipitation</b><br>21.6 mm<br>Period: 1991-2020","DATE: Apr-24<br><b>25-75 percentile</b><br>9.6 to 29.7 mm","DATE: Apr-24<br><b>10-90 percentile</b><br>4.9 to 37.8 mm","3065475","RICH+LAKE+AGDM",2001,2024
"04-25",2001-04-25,22.1052631578947,1.2,60.2,4.86,9.55,31.15,40.22,NA,NA,NA,NA,NA,NA,"",NA,"","DATE: Apr-25<br><b>Normal cumulative precipitation</b><br>22.1 mm<br>Period: 1991-2020","DATE: Apr-25<br><b>25-75 percentile</b><br>9.6 to 31.1 mm","DATE: Apr-25<br><b>10-90 percentile</b><br>4.9 to 40.2 mm","3065475","RICH+LAKE+AGDM",2001,2024
"04-26",2001-04-26,22.7052631578947,4.3,61.2,5.16,9.55,31.4,40.22,NA,NA,NA,NA,NA,NA,"",NA,"","DATE: Apr-26<br><b>Normal cumulative precipitation</b><br>22.7 mm<br>Period: 1991-2020","DATE: Apr-26<br><b>25-75 percentile</b><br>9.6 to 31.4 mm","DATE: Apr-26<br><b>10-90 percentile</b><br>5.2 to 40.2 mm","3065475","RICH+LAKE+AGDM",2001,2024
"04-27",2001-04-27,24.4842105263158,4.3,61.2,7.32,10.95,32.55,44.12,NA,NA,NA,NA,NA,NA,"",NA,"","DATE: Apr-27<br><b>Normal cumulative precipitation</b><br>24.5 mm<br>Period: 1991-2020","DATE: Apr-27<br><b>25-75 percentile</b><br>10.9 to 32.5 mm","DATE: Apr-27<br><b>10-90 percentile</b><br>7.3 to 44.1 mm","3065475","RICH+LAKE+AGDM",2001,2024
"04-28",2001-04-28,25.2473684210526,4.3,61.2,7.8,13.6,33.7,44.92,NA,NA,NA,NA,NA,NA,"",NA,"","DATE: Apr-28<br><b>Normal cumulative precipitation</b><br>25.2 mm<br>Period: 1991-2020","DATE: Apr-28<br><b>25-75 percentile</b><br>13.6 to 33.7 mm","DATE: Apr-28<br><b>10-90 percentile</b><br>7.8 to 44.9 mm","3065475","RICH+LAKE+AGDM",2001,2024
"04-29",2001-04-29,25.5578947368421,4.3,61.2,7.8,13.6,33.7,45.8,NA,NA,NA,NA,NA,NA,"",NA,"","DATE: Apr-29<br><b>Normal cumulative precipitation</b><br>25.6 mm<br>Period: 1991-2020","DATE: Apr-29<br><b>25-75 percentile</b><br>13.6 to 33.7 mm","DATE: Apr-29<br><b>10-90 percentile</b><br>7.8 to 45.8 mm","3065475","RICH+LAKE+AGDM",2001,2024
"04-30",2001-04-30,26.1842105263158,6.2,61.2,9.24,14.35,33.7,45.8,NA,NA,NA,NA,NA,NA,"",NA,"","DATE: Apr-30<br><b>Normal cumulative precipitation</b><br>26.2 mm<br>Period: 1991-2020","DATE: Apr-30<br><b>25-75 percentile</b><br>14.4 to 33.7 mm","DATE: Apr-30<br><b>10-90 percentile</b><br>9.2 to 45.8 mm","3065475","RICH+LAKE+AGDM",2001,2024
"05-01",2001-05-01,26.7684210526316,7.8,61.2,11.7,16.35,33.7,45.8,NA,NA,NA,NA,NA,NA,"",NA,"","DATE: May-01<br><b>Normal cumulative precipitation</b><br>26.8 mm<br>Period: 1991-2020","DATE: May-01<br><b>25-75 percentile</b><br>16.4 to 33.7 mm","DATE: May-01<br><b>10-90 percentile</b><br>11.7 to 45.8 mm","3065475","RICH+LAKE+AGDM",2001,2024
"05-02",2001-05-02,27.5526315789474,7.8,61.7,11.7,16.35,33.7,45.8,NA,NA,NA,NA,NA,NA,"",NA,"","DATE: May-02<br><b>Normal cumulative precipitation</b><br>27.6 mm<br>Period: 1991-2020","DATE: May-02<br><b>25-75 percentile</b><br>16.4 to 33.7 mm","DATE: May-02<br><b>10-90 percentile</b><br>11.7 to 45.8 mm","3065475","RICH+LAKE+AGDM",2001,2024
"05-03",2001-05-03,28.0842105263158,7.8,61.7,11.7,16.35,35.45,45.8,NA,NA,NA,NA,NA,NA,"",NA,"","DATE: May-03<br><b>Normal cumulative precipitation</b><br>28.1 mm<br>Period: 1991-2020","DATE: May-03<br><b>25-75 percentile</b><br>16.4 to 35.4 mm","DATE: May-03<br><b>10-90 percentile</b><br>11.7 to 45.8 mm","3065475","RICH+LAKE+AGDM",2001,2024
"05-04",2001-05-04,28.9526315789474,7.8,61.7,11.7,16.35,36.9,47,NA,NA,NA,NA,NA,NA,"",NA,"","DATE: May-04<br><b>Normal cumulative precipitation</b><br>29.0 mm<br>Period: 1991-2020","DATE: May-04<br><b>25-75 percentile</b><br>16.4 to 36.9 mm","DATE: May-04<br><b>10-90 percentile</b><br>11.7 to 47.0 mm","3065475","RICH+LAKE+AGDM",2001,2024
"05-05",2001-05-05,29.9473684210526,7.8,62.1,11.7,16.35,39.6,48.04,NA,NA,NA,NA,NA,NA,"",NA,"","DATE: May-05<br><b>Normal cumulative precipitation</b><br>29.9 mm<br>Period: 1991-2020","DATE: May-05<br><b>25-75 percentile</b><br>16.4 to 39.6 mm","DATE: May-05<br><b>10-90 percentile</b><br>11.7 to 48.0 mm","3065475","RICH+LAKE+AGDM",2001,2024
"05-06",2001-05-06,31.4315789473684,8.2,62.1,11.7,16.35,44.05,51,NA,NA,NA,NA,NA,NA,"",NA,"","DATE: May-06<br><b>Normal cumulative precipitation</b><br>31.4 mm<br>Period: 1991-2020","DATE: May-06<br><b>25-75 percentile</b><br>16.4 to 44.0 mm","DATE: May-06<br><b>10-90 percentile</b><br>11.7 to 51.0 mm","3065475","RICH+LAKE+AGDM",2001,2024
"05-07",2001-05-07,31.9105263157895,8.2,67.1,11.7,16.45,44.6,52.68,NA,NA,NA,NA,NA,NA,"",NA,"","DATE: May-07<br><b>Normal cumulative precipitation</b><br>31.9 mm<br>Period: 1991-2020","DATE: May-07<br><b>25-75 percentile</b><br>16.5 to 44.6 mm","DATE: May-07<br><b>10-90 percentile</b><br>11.7 to 52.7 mm","3065475","RICH+LAKE+AGDM",2001,2024
"05-08",2001-05-08,32.4684210526316,9.7,67.1,13.34,16.45,44.6,53.08,NA,NA,NA,NA,NA,NA,"",NA,"","DATE: May-08<br><b>Normal cumulative precipitation</b><br>32.5 mm<br>Period: 1991-2020","DATE: May-08<br><b>25-75 percentile</b><br>16.5 to 44.6 mm","DATE: May-08<br><b>10-90 percentile</b><br>13.3 to 53.1 mm","3065475","RICH+LAKE+AGDM",2001,2024
"05-09",2001-05-09,32.9052631578947,9.7,67.1,13.34,16.45,46.25,53.8,NA,NA,NA,NA,NA,NA,"",NA,"","DATE: May-09<br><b>Normal cumulative precipitation</b><br>32.9 mm<br>Period: 1991-2020","DATE: May-09<br><b>25-75 percentile</b><br>16.5 to 46.2 mm","DATE: May-09<br><b>10-90 percentile</b><br>13.3 to 53.8 mm","3065475","RICH+LAKE+AGDM",2001,2024
"05-10",2001-05-10,32.9789473684211,9.7,67.1,13.34,16.45,46.25,53.8,NA,NA,NA,NA,NA,NA,"",NA,"","DATE: May-10<br><b>Normal cumulative precipitation</b><br>33.0 mm<br>Period: 1991-2020","DATE: May-10<br><b>25-75 percentile</b><br>16.5 to 46.2 mm","DATE: May-10<br><b>10-90 percentile</b><br>13.3 to 53.8 mm","3065475","RICH+LAKE+AGDM",2001,2024
"05-11",2001-05-11,33.2,9.7,67.1,13.42,17.5,46.25,53.92,NA,NA,NA,NA,NA,NA,"",NA,"","DATE: May-11<br><b>Normal cumulative precipitation</b><br>33.2 mm<br>Period: 1991-2020","DATE: May-11<br><b>25-75 percentile</b><br>17.5 to 46.2 mm","DATE: May-11<br><b>10-90 percentile</b><br>13.4 to 53.9 mm","3065475","RICH+LAKE+AGDM",2001,2024
"05-12",2001-05-12,34.9210526315789,11.7,68.5,13.42,19,51.15,53.92,NA,NA,NA,NA,NA,NA,"",NA,"","DATE: May-12<br><b>Normal cumulative precipitation</b><br>34.9 mm<br>Period: 1991-2020","DATE: May-12<br><b>25-75 percentile</b><br>19.0 to 51.1 mm","DATE: May-12<br><b>10-90 percentile</b><br>13.4 to 53.9 mm","3065475","RICH+LAKE+AGDM",2001,2024
"05-13",2001-05-13,35.9894736842105,11.7,77.5,13.42,19.55,51.15,56.2,NA,NA,NA,NA,NA,NA,"",NA,"","DATE: May-13<br><b>Normal cumulative precipitation</b><br>36.0 mm<br>Period: 1991-2020","DATE: May-13<br><b>25-75 percentile</b><br>19.6 to 51.1 mm","DATE: May-13<br><b>10-90 percentile</b><br>13.4 to 56.2 mm","3065475","RICH+LAKE+AGDM",2001,2024
"05-14",2001-05-14,37.1052631578947,11.7,97.8,13.74,19.55,51.15,56.2,NA,NA,NA,NA,NA,NA,"",NA,"","DATE: May-14<br><b>Normal cumulative precipitation</b><br>37.1 mm<br>Period: 1991-2020","DATE: May-14<br><b>25-75 percentile</b><br>19.6 to 51.1 mm","DATE: May-14<br><b>10-90 percentile</b><br>13.7 to 56.2 mm","3065475","RICH+LAKE+AGDM",2001,2024
"05-15",2001-05-15,37.5421052631579,11.7,98.5,16.22,19.55,51.15,58.6,NA,NA,NA,NA,NA,NA,"",NA,"","DATE: May-15<br><b>Normal cumulative precipitation</b><br>37.5 mm<br>Period: 1991-2020","DATE: May-15<br><b>25-75 percentile</b><br>19.6 to 51.1 mm","DATE: May-15<br><b>10-90 percentile</b><br>16.2 to 58.6 mm","3065475","RICH+LAKE+AGDM",2001,2024
"05-16",2001-05-16,37.9684210526316,11.7,99.7,16.42,19.55,51.9,58.92,NA,NA,NA,NA,NA,NA,"",NA,"","DATE: May-16<br><b>Normal cumulative precipitation</b><br>38.0 mm<br>Period: 1991-2020","DATE: May-16<br><b>25-75 percentile</b><br>19.6 to 51.9 mm","DATE: May-16<br><b>10-90 percentile</b><br>16.4 to 58.9 mm","3065475","RICH+LAKE+AGDM",2001,2024
"05-17",2001-05-17,38.8947368421053,11.7,99.7,16.42,19.65,51.9,61.16,NA,NA,NA,NA,NA,NA,"",NA,"","DATE: May-17<br><b>Normal cumulative precipitation</b><br>38.9 mm<br>Period: 1991-2020","DATE: May-17<br><b>25-75 percentile</b><br>19.6 to 51.9 mm","DATE: May-17<br><b>10-90 percentile</b><br>16.4 to 61.2 mm","3065475","RICH+LAKE+AGDM",2001,2024
"05-18",2001-05-18,39.7631578947368,11.7,99.7,17.04,19.65,56.1,61.16,NA,NA,NA,NA,NA,NA,"",NA,"","DATE: May-18<br><b>Normal cumulative precipitation</b><br>39.8 mm<br>Period: 1991-2020","DATE: May-18<br><b>25-75 percentile</b><br>19.6 to 56.1 mm","DATE: May-18<br><b>10-90 percentile</b><br>17.0 to 61.2 mm","3065475","RICH+LAKE+AGDM",2001,2024
"05-19",2001-05-19,40.5421052631579,11.7,99.7,17.04,19.65,57.75,61.16,NA,NA,NA,NA,NA,NA,"",NA,"","DATE: May-19<br><b>Normal cumulative precipitation</b><br>40.5 mm<br>Period: 1991-2020","DATE: May-19<br><b>25-75 percentile</b><br>19.6 to 57.8 mm","DATE: May-19<br><b>10-90 percentile</b><br>17.0 to 61.2 mm","3065475","RICH+LAKE+AGDM",2001,2024
"05-20",2001-05-20,41.1526315789474,11.7,99.7,17.52,21.35,58.45,61.54,NA,NA,NA,NA,NA,NA,"",NA,"","DATE: May-20<br><b>Normal cumulative precipitation</b><br>41.2 mm<br>Period: 1991-2020","DATE: May-20<br><b>25-75 percentile</b><br>21.4 to 58.4 mm","DATE: May-20<br><b>10-90 percentile</b><br>17.5 to 61.5 mm","3065475","RICH+LAKE+AGDM",2001,2024
"05-21",2001-05-21,42.4210526315789,11.7,99.7,19.98,22.3,58.65,62.42,NA,NA,NA,NA,NA,NA,"",NA,"","DATE: May-21<br><b>Normal cumulative precipitation</b><br>42.4 mm<br>Period: 1991-2020","DATE: May-21<br><b>25-75 percentile</b><br>22.3 to 58.6 mm","DATE: May-21<br><b>10-90 percentile</b><br>20.0 to 62.4 mm","3065475","RICH+LAKE+AGDM",2001,2024
"05-22",2001-05-22,44.6894736842105,11.7,99.7,19.98,23.8,59.05,62.42,NA,NA,NA,NA,NA,NA,"",NA,"","DATE: May-22<br><b>Normal cumulative precipitation</b><br>44.7 mm<br>Period: 1991-2020","DATE: May-22<br><b>25-75 percentile</b><br>23.8 to 59.0 mm","DATE: May-22<br><b>10-90 percentile</b><br>20.0 to 62.4 mm","3065475","RICH+LAKE+AGDM",2001,2024
"05-23",2001-05-23,47.5578947368421,11.7,99.7,19.98,23.8,61.7,73.26,NA,NA,NA,NA,NA,NA,"",NA,"","DATE: May-23<br><b>Normal cumulative precipitation</b><br>47.6 mm<br>Period: 1991-2020","DATE: May-23<br><b>25-75 percentile</b><br>23.8 to 61.7 mm","DATE: May-23<br><b>10-90 percentile</b><br>20.0 to 73.3 mm","3065475","RICH+LAKE+AGDM",2001,2024
"05-24",2001-05-24,49.1578947368421,16.2,111.9,20.58,24.65,62,73.26,NA,NA,NA,NA,NA,NA,"",NA,"","DATE: May-24<br><b>Normal cumulative precipitation</b><br>49.2 mm<br>Period: 1991-2020","DATE: May-24<br><b>25-75 percentile</b><br>24.6 to 62.0 mm","DATE: May-24<br><b>10-90 percentile</b><br>20.6 to 73.3 mm","3065475","RICH+LAKE+AGDM",2001,2024
"05-25",2001-05-25,49.8684210526316,16.2,111.9,20.76,27.4,64.65,73.26,NA,NA,NA,NA,NA,NA,"",NA,"","DATE: May-25<br><b>Normal cumulative precipitation</b><br>49.9 mm<br>Period: 1991-2020","DATE: May-25<br><b>25-75 percentile</b><br>27.4 to 64.6 mm","DATE: May-25<br><b>10-90 percentile</b><br>20.8 to 73.3 mm","3065475","RICH+LAKE+AGDM",2001,2024
"05-26",2001-05-26,51.1263157894737,16.2,111.9,23.64,27.4,67.4,78.14,NA,NA,NA,NA,NA,NA,"",NA,"","DATE: May-26<br><b>Normal cumulative precipitation</b><br>51.1 mm<br>Period: 1991-2020","DATE: May-26<br><b>25-75 percentile</b><br>27.4 to 67.4 mm","DATE: May-26<br><b>10-90 percentile</b><br>23.6 to 78.1 mm","3065475","RICH+LAKE+AGDM",2001,2024
"05-27",2001-05-27,52.2736842105263,16.2,111.9,24.12,27.4,68.6,81.18,NA,NA,NA,NA,NA,NA,"",NA,"","DATE: May-27<br><b>Normal cumulative precipitation</b><br>52.3 mm<br>Period: 1991-2020","DATE: May-27<br><b>25-75 percentile</b><br>27.4 to 68.6 mm","DATE: May-27<br><b>10-90 percentile</b><br>24.1 to 81.2 mm","3065475","RICH+LAKE+AGDM",2001,2024
"05-28",2001-05-28,52.9368421052632,16.2,111.9,24.12,30.55,68.85,84.14,NA,NA,NA,NA,NA,NA,"",NA,"","DATE: May-28<br><b>Normal cumulative precipitation</b><br>52.9 mm<br>Period: 1991-2020","DATE: May-28<br><b>25-75 percentile</b><br>30.5 to 68.8 mm","DATE: May-28<br><b>10-90 percentile</b><br>24.1 to 84.1 mm","3065475","RICH+LAKE+AGDM",2001,2024
"05-29",2001-05-29,56.7368421052632,16.2,111.9,24.12,34.4,72.65,88.3,NA,NA,NA,NA,NA,NA,"",NA,"","DATE: May-29<br><b>Normal cumulative precipitation</b><br>56.7 mm<br>Period: 1991-2020","DATE: May-29<br><b>25-75 percentile</b><br>34.4 to 72.6 mm","DATE: May-29<br><b>10-90 percentile</b><br>24.1 to 88.3 mm","3065475","RICH+LAKE+AGDM",2001,2024
"05-30",2001-05-30,59.3368421052632,16.2,111.9,24.12,34.4,78.6,97.92,NA,NA,NA,NA,NA,NA,"",NA,"","DATE: May-30<br><b>Normal cumulative precipitation</b><br>59.3 mm<br>Period: 1991-2020","DATE: May-30<br><b>25-75 percentile</b><br>34.4 to 78.6 mm","DATE: May-30<br><b>10-90 percentile</b><br>24.1 to 97.9 mm","3065475","RICH+LAKE+AGDM",2001,2024
"05-31",2001-05-31,62.3421052631579,16.2,111.9,24.12,36.45,80.4,100.24,NA,NA,NA,NA,NA,NA,"",NA,"","DATE: May-31<br><b>Normal cumulative precipitation</b><br>62.3 mm<br>Period: 1991-2020","DATE: May-31<br><b>25-75 percentile</b><br>36.4 to 80.4 mm","DATE: May-31<br><b>10-90 percentile</b><br>24.1 to 100.2 mm","3065475","RICH+LAKE+AGDM",2001,2024
"06-01",2001-06-01,63.3947368421053,16.2,111.9,24.12,37.8,82.55,100.52,NA,NA,NA,NA,NA,NA,"",NA,"","DATE: Jun-01<br><b>Normal cumulative precipitation</b><br>63.4 mm<br>Period: 1991-2020","DATE: Jun-01<br><b>25-75 percentile</b><br>37.8 to 82.6 mm","DATE: Jun-01<br><b>10-90 percentile</b><br>24.1 to 100.5 mm","3065475","RICH+LAKE+AGDM",2001,2024
"06-02",2001-06-02,64.7526315789474,16.2,117.2,24.12,38.5,82.55,101.24,NA,NA,NA,NA,NA,NA,"",NA,"","DATE: Jun-02<br><b>Normal cumulative precipitation</b><br>64.8 mm<br>Period: 1991-2020","DATE: Jun-02<br><b>25-75 percentile</b><br>38.5 to 82.6 mm","DATE: Jun-02<br><b>10-90 percentile</b><br>24.1 to 101.2 mm","3065475","RICH+LAKE+AGDM",2001,2024
"06-03",2001-06-03,71.6473684210526,16.2,147.2,24.44,39.15,98.4,118.12,NA,NA,NA,NA,NA,NA,"",NA,"","DATE: Jun-03<br><b>Normal cumulative precipitation</b><br>71.6 mm<br>Period: 1991-2020","DATE: Jun-03<br><b>25-75 percentile</b><br>39.1 to 98.4 mm","DATE: Jun-03<br><b>10-90 percentile</b><br>24.4 to 118.1 mm","3065475","RICH+LAKE+AGDM",2001,2024
"06-04",2001-06-04,74.0736842105263,16.2,147.2,24.44,39.85,101.1,131.3,NA,NA,NA,NA,NA,NA,"",NA,"","DATE: Jun-04<br><b>Normal cumulative precipitation</b><br>74.1 mm<br>Period: 1991-2020","DATE: Jun-04<br><b>25-75 percentile</b><br>39.8 to 101.1 mm","DATE: Jun-04<br><b>10-90 percentile</b><br>24.4 to 131.3 mm","3065475","RICH+LAKE+AGDM",2001,2024
"06-05",2001-06-05,76.1421052631579,20.3,152.9,24.64,39.85,101.1,135.36,NA,NA,NA,NA,NA,NA,"",NA,"","DATE: Jun-05<br><b>Normal cumulative precipitation</b><br>76.1 mm<br>Period: 1991-2020","DATE: Jun-05<br><b>25-75 percentile</b><br>39.8 to 101.1 mm","DATE: Jun-05<br><b>10-90 percentile</b><br>24.6 to 135.4 mm","3065475","RICH+LAKE+AGDM",2001,2024
"06-06",2001-06-06,76.4578947368421,20.3,152.9,24.64,40.95,101.1,137.68,NA,NA,NA,NA,NA,NA,"",NA,"","DATE: Jun-06<br><b>Normal cumulative precipitation</b><br>76.5 mm<br>Period: 1991-2020","DATE: Jun-06<br><b>25-75 percentile</b><br>41.0 to 101.1 mm","DATE: Jun-06<br><b>10-90 percentile</b><br>24.6 to 137.7 mm","3065475","RICH+LAKE+AGDM",2001,2024
"06-07",2001-06-07,80.1052631578947,23,178.5,25.2,51.45,101.9,148.66,NA,NA,NA,NA,NA,NA,"",NA,"","DATE: Jun-07<br><b>Normal cumulative precipitation</b><br>80.1 mm<br>Period: 1991-2020","DATE: Jun-07<br><b>25-75 percentile</b><br>51.4 to 101.9 mm","DATE: Jun-07<br><b>10-90 percentile</b><br>25.2 to 148.7 mm","3065475","RICH+LAKE+AGDM",2001,2024
"06-08",2001-06-08,81.9052631578947,23,180.8,25.2,51.45,102.4,148.66,NA,NA,NA,NA,NA,NA,"",NA,"","DATE: Jun-08<br><b>Normal cumulative precipitation</b><br>81.9 mm<br>Period: 1991-2020","DATE: Jun-08<br><b>25-75 percentile</b><br>51.4 to 102.4 mm","DATE: Jun-08<br><b>10-90 percentile</b><br>25.2 to 148.7 mm","3065475","RICH+LAKE+AGDM",2001,2024
"06-09",2001-06-09,85.7052631578947,23.2,180.8,27.14,56.1,106.55,151,NA,NA,NA,NA,NA,NA,"",NA,"","DATE: Jun-09<br><b>Normal cumulative precipitation</b><br>85.7 mm<br>Period: 1991-2020","DATE: Jun-09<br><b>25-75 percentile</b><br>56.1 to 106.6 mm","DATE: Jun-09<br><b>10-90 percentile</b><br>27.1 to 151.0 mm","3065475","RICH+LAKE+AGDM",2001,2024
"06-10",2001-06-10,88.3315789473684,23.2,180.8,32.66,56.1,106.75,151.96,NA,NA,NA,NA,NA,NA,"",NA,"","DATE: Jun-10<br><b>Normal cumulative precipitation</b><br>88.3 mm<br>Period: 1991-2020","DATE: Jun-10<br><b>25-75 percentile</b><br>56.1 to 106.8 mm","DATE: Jun-10<br><b>10-90 percentile</b><br>32.7 to 152.0 mm","3065475","RICH+LAKE+AGDM",2001,2024
"06-11",2001-06-11,92.6157894736842,23.2,180.8,32.66,56.1,114.65,153.48,NA,NA,NA,NA,NA,NA,"",NA,"","DATE: Jun-11<br><b>Normal cumulative precipitation</b><br>92.6 mm<br>Period: 1991-2020","DATE: Jun-11<br><b>25-75 percentile</b><br>56.1 to 114.6 mm","DATE: Jun-11<br><b>10-90 percentile</b><br>32.7 to 153.5 mm","3065475","RICH+LAKE+AGDM",2001,2024
"06-12",2001-06-12,95.7,23.7,180.8,39.46,56.1,123.8,159.32,NA,NA,NA,NA,NA,NA,"",NA,"","DATE: Jun-12<br><b>Normal cumulative precipitation</b><br>95.7 mm<br>Period: 1991-2020","DATE: Jun-12<br><b>25-75 percentile</b><br>56.1 to 123.8 mm","DATE: Jun-12<br><b>10-90 percentile</b><br>39.5 to 159.3 mm","3065475","RICH+LAKE+AGDM",2001,2024
"06-13",2001-06-13,97.4421052631579,23.7,182.1,39.46,61.35,127.65,159.88,NA,NA,NA,NA,NA,NA,"",NA,"","DATE: Jun-13<br><b>Normal cumulative precipitation</b><br>97.4 mm<br>Period: 1991-2020","DATE: Jun-13<br><b>25-75 percentile</b><br>61.4 to 127.6 mm","DATE: Jun-13<br><b>10-90 percentile</b><br>39.5 to 159.9 mm","3065475","RICH+LAKE+AGDM",2001,2024
"06-14",2001-06-14,97.7473684210526,23.7,182.1,39.46,61.35,127.65,160.6,NA,NA,NA,NA,NA,NA,"",NA,"","DATE: Jun-14<br><b>Normal cumulative precipitation</b><br>97.7 mm<br>Period: 1991-2020","DATE: Jun-14<br><b>25-75 percentile</b><br>61.4 to 127.6 mm","DATE: Jun-14<br><b>10-90 percentile</b><br>39.5 to 160.6 mm","3065475","RICH+LAKE+AGDM",2001,2024
"06-15",2001-06-15,100.315789473684,25.7,182.7,47.84,62.2,133,166.52,NA,NA,NA,NA,NA,NA,"",NA,"","DATE: Jun-15<br><b>Normal cumulative precipitation</b><br>100.3 mm<br>Period: 1991-2020","DATE: Jun-15<br><b>25-75 percentile</b><br>62.2 to 133.0 mm","DATE: Jun-15<br><b>10-90 percentile</b><br>47.8 to 166.5 mm","3065475","RICH+LAKE+AGDM",2001,2024
"06-16",2001-06-16,101.863157894737,28.7,182.7,49.16,62.2,133,166.86,NA,NA,NA,NA,NA,NA,"",NA,"","DATE: Jun-16<br><b>Normal cumulative precipitation</b><br>101.9 mm<br>Period: 1991-2020","DATE: Jun-16<br><b>25-75 percentile</b><br>62.2 to 133.0 mm","DATE: Jun-16<br><b>10-90 percentile</b><br>49.2 to 166.9 mm","3065475","RICH+LAKE+AGDM",2001,2024
"06-17",2001-06-17,103.152631578947,28.7,184.3,49.74,62.4,133.95,166.86,NA,NA,NA,NA,NA,NA,"",NA,"","DATE: Jun-17<br><b>Normal cumulative precipitation</b><br>103.2 mm<br>Period: 1991-2020","DATE: Jun-17<br><b>25-75 percentile</b><br>62.4 to 133.9 mm","DATE: Jun-17<br><b>10-90 percentile</b><br>49.7 to 166.9 mm","3065475","RICH+LAKE+AGDM",2001,2024
"06-18",2001-06-18,105.221052631579,29.7,184.7,51.28,65.5,133.95,166.86,NA,NA,NA,NA,NA,NA,"",NA,"","DATE: Jun-18<br><b>Normal cumulative precipitation</b><br>105.2 mm<br>Period: 1991-2020","DATE: Jun-18<br><b>25-75 percentile</b><br>65.5 to 133.9 mm","DATE: Jun-18<br><b>10-90 percentile</b><br>51.3 to 166.9 mm","3065475","RICH+LAKE+AGDM",2001,2024
"06-19",2001-06-19,106.889473684211,29.7,184.7,51.92,66.9,134.6,170.64,NA,NA,NA,NA,NA,NA,"",NA,"","DATE: Jun-19<br><b>Normal cumulative precipitation</b><br>106.9 mm<br>Period: 1991-2020","DATE: Jun-19<br><b>25-75 percentile</b><br>66.9 to 134.6 mm","DATE: Jun-19<br><b>10-90 percentile</b><br>51.9 to 170.6 mm","3065475","RICH+LAKE+AGDM",2001,2024
"06-20",2001-06-20,108.089473684211,29.7,185.4,52.08,69.5,135.7,172.62,NA,NA,NA,NA,NA,NA,"",NA,"","DATE: Jun-20<br><b>Normal cumulative precipitation</b><br>108.1 mm<br>Period: 1991-2020","DATE: Jun-20<br><b>25-75 percentile</b><br>69.5 to 135.7 mm","DATE: Jun-20<br><b>10-90 percentile</b><br>52.1 to 172.6 mm","3065475","RICH+LAKE+AGDM",2001,2024
"06-21",2001-06-21,112.252631578947,29.7,212.1,52.08,76.95,137.25,184.14,NA,NA,NA,NA,NA,NA,"",NA,"","DATE: Jun-21<br><b>Normal cumulative precipitation</b><br>112.3 mm<br>Period: 1991-2020","DATE: Jun-21<br><b>25-75 percentile</b><br>77.0 to 137.2 mm","DATE: Jun-21<br><b>10-90 percentile</b><br>52.1 to 184.1 mm","3065475","RICH+LAKE+AGDM",2001,2024
"06-22",2001-06-22,114.9,41.4,212.6,52.08,76.95,140.4,186.4,NA,NA,NA,NA,NA,NA,"",NA,"","DATE: Jun-22<br><b>Normal cumulative precipitation</b><br>114.9 mm<br>Period: 1991-2020","DATE: Jun-22<br><b>25-75 percentile</b><br>77.0 to 140.4 mm","DATE: Jun-22<br><b>10-90 percentile</b><br>52.1 to 186.4 mm","3065475","RICH+LAKE+AGDM",2001,2024
"06-23",2001-06-23,117.247368421053,41.4,229.4,52.18,76.95,143.5,187.44,NA,NA,NA,NA,NA,NA,"",NA,"","DATE: Jun-23<br><b>Normal cumulative precipitation</b><br>117.2 mm<br>Period: 1991-2020","DATE: Jun-23<br><b>25-75 percentile</b><br>77.0 to 143.5 mm","DATE: Jun-23<br><b>10-90 percentile</b><br>52.2 to 187.4 mm","3065475","RICH+LAKE+AGDM",2001,2024
"06-24",2001-06-24,119.842105263158,41.4,229.8,52.5,81.3,144.4,194.4,NA,NA,NA,NA,NA,NA,"",NA,"","DATE: Jun-24<br><b>Normal cumulative precipitation</b><br>119.8 mm<br>Period: 1991-2020","DATE: Jun-24<br><b>25-75 percentile</b><br>81.3 to 144.4 mm","DATE: Jun-24<br><b>10-90 percentile</b><br>52.5 to 194.4 mm","3065475","RICH+LAKE+AGDM",2001,2024
"06-25",2001-06-25,121.842105263158,47.8,230.4,52.62,81.3,147.25,194.96,NA,NA,NA,NA,NA,NA,"",NA,"","DATE: Jun-25<br><b>Normal cumulative precipitation</b><br>121.8 mm<br>Period: 1991-2020","DATE: Jun-25<br><b>25-75 percentile</b><br>81.3 to 147.2 mm","DATE: Jun-25<br><b>10-90 percentile</b><br>52.6 to 195.0 mm","3065475","RICH+LAKE+AGDM",2001,2024
"06-26",2001-06-26,122.784210526316,47.8,230.4,53.5,81.3,148.3,195.44,NA,NA,NA,NA,NA,NA,"",NA,"","DATE: Jun-26<br><b>Normal cumulative precipitation</b><br>122.8 mm<br>Period: 1991-2020","DATE: Jun-26<br><b>25-75 percentile</b><br>81.3 to 148.3 mm","DATE: Jun-26<br><b>10-90 percentile</b><br>53.5 to 195.4 mm","3065475","RICH+LAKE+AGDM",2001,2024
"06-27",2001-06-27,124.836842105263,48.3,230.4,53.5,88.35,149.9,204.24,NA,NA,NA,NA,NA,NA,"",NA,"","DATE: Jun-27<br><b>Normal cumulative precipitation</b><br>124.8 mm<br>Period: 1991-2020","DATE: Jun-27<br><b>25-75 percentile</b><br>88.3 to 149.9 mm","DATE: Jun-27<br><b>10-90 percentile</b><br>53.5 to 204.2 mm","3065475","RICH+LAKE+AGDM",2001,2024
"06-28",2001-06-28,127.036842105263,52.8,230.4,54.02,88.75,149.9,204.4,NA,NA,NA,NA,NA,NA,"",NA,"","DATE: Jun-28<br><b>Normal cumulative precipitation</b><br>127.0 mm<br>Period: 1991-2020","DATE: Jun-28<br><b>25-75 percentile</b><br>88.8 to 149.9 mm","DATE: Jun-28<br><b>10-90 percentile</b><br>54.0 to 204.4 mm","3065475","RICH+LAKE+AGDM",2001,2024
"06-29",2001-06-29,129.305263157895,52.8,230.4,60.98,88.75,159.15,204.54,NA,NA,NA,NA,NA,NA,"",NA,"","DATE: Jun-29<br><b>Normal cumulative precipitation</b><br>129.3 mm<br>Period: 1991-2020","DATE: Jun-29<br><b>25-75 percentile</b><br>88.8 to 159.2 mm","DATE: Jun-29<br><b>10-90 percentile</b><br>61.0 to 204.5 mm","3065475","RICH+LAKE+AGDM",2001,2024
"06-30",2001-06-30,132.494736842105,54.8,230.4,62.78,88.75,161.7,218.62,NA,NA,NA,NA,NA,NA,"",NA,"","DATE: Jun-30<br><b>Normal cumulative precipitation</b><br>132.5 mm<br>Period: 1991-2020","DATE: Jun-30<br><b>25-75 percentile</b><br>88.8 to 161.7 mm","DATE: Jun-30<br><b>10-90 percentile</b><br>62.8 to 218.6 mm","3065475","RICH+LAKE+AGDM",2001,2024
"07-01",2001-07-01,134.815789473684,54.8,237.4,62.78,93.9,163.3,226.08,NA,NA,NA,NA,NA,NA,"",NA,"","DATE: Jul-01<br><b>Normal cumulative precipitation</b><br>134.8 mm<br>Period: 1991-2020","DATE: Jul-01<br><b>25-75 percentile</b><br>93.9 to 163.3 mm","DATE: Jul-01<br><b>10-90 percentile</b><br>62.8 to 226.1 mm","3065475","RICH+LAKE+AGDM",2001,2024
"07-02",2001-07-02,136.063157894737,54.8,237.8,68.64,96,163.6,226.32,NA,NA,NA,NA,NA,NA,"",NA,"","DATE: Jul-02<br><b>Normal cumulative precipitation</b><br>136.1 mm<br>Period: 1991-2020","DATE: Jul-02<br><b>25-75 percentile</b><br>96.0 to 163.6 mm","DATE: Jul-02<br><b>10-90 percentile</b><br>68.6 to 226.3 mm","3065475","RICH+LAKE+AGDM",2001,2024
"07-03",2001-07-03,138.721052631579,54.8,237.8,68.64,103.1,164.4,228.1,NA,NA,NA,NA,NA,NA,"",NA,"","DATE: Jul-03<br><b>Normal cumulative precipitation</b><br>138.7 mm<br>Period: 1991-2020","DATE: Jul-03<br><b>25-75 percentile</b><br>103.1 to 164.4 mm","DATE: Jul-03<br><b>10-90 percentile</b><br>68.6 to 228.1 mm","3065475","RICH+LAKE+AGDM",2001,2024
"07-04",2001-07-04,139.936842105263,54.8,243.4,70.78,103.8,164.4,229.04,NA,NA,NA,NA,NA,NA,"",NA,"","DATE: Jul-04<br><b>Normal cumulative precipitation</b><br>139.9 mm<br>Period: 1991-2020","DATE: Jul-04<br><b>25-75 percentile</b><br>103.8 to 164.4 mm","DATE: Jul-04<br><b>10-90 percentile</b><br>70.8 to 229.0 mm","3065475","RICH+LAKE+AGDM",2001,2024
"07-05",2001-07-05,142.684210526316,54.8,253,71.74,104.1,164.75,244.86,NA,NA,NA,NA,NA,NA,"",NA,"","DATE: Jul-05<br><b>Normal cumulative precipitation</b><br>142.7 mm<br>Period: 1991-2020","DATE: Jul-05<br><b>25-75 percentile</b><br>104.1 to 164.8 mm","DATE: Jul-05<br><b>10-90 percentile</b><br>71.7 to 244.9 mm","3065475","RICH+LAKE+AGDM",2001,2024
"07-06",2001-07-06,145.268421052632,54.8,256.6,71.74,104.1,164.75,246.52,NA,NA,NA,NA,NA,NA,"",NA,"","DATE: Jul-06<br><b>Normal cumulative precipitation</b><br>145.3 mm<br>Period: 1991-2020","DATE: Jul-06<br><b>25-75 percentile</b><br>104.1 to 164.8 mm","DATE: Jul-06<br><b>10-90 percentile</b><br>71.7 to 246.5 mm","3065475","RICH+LAKE+AGDM",2001,2024
"07-07",2001-07-07,146.836842105263,58.4,256.6,71.74,104.1,165.6,246.52,NA,NA,NA,NA,NA,NA,"",NA,"","DATE: Jul-07<br><b>Normal cumulative precipitation</b><br>146.8 mm<br>Period: 1991-2020","DATE: Jul-07<br><b>25-75 percentile</b><br>104.1 to 165.6 mm","DATE: Jul-07<br><b>10-90 percentile</b><br>71.7 to 246.5 mm","3065475","RICH+LAKE+AGDM",2001,2024
"07-08",2001-07-08,149.342105263158,60.3,256.6,71.74,105.25,170.95,247.88,NA,NA,NA,NA,NA,NA,"",NA,"","DATE: Jul-08<br><b>Normal cumulative precipitation</b><br>149.3 mm<br>Period: 1991-2020","DATE: Jul-08<br><b>25-75 percentile</b><br>105.2 to 170.9 mm","DATE: Jul-08<br><b>10-90 percentile</b><br>71.7 to 247.9 mm","3065475","RICH+LAKE+AGDM",2001,2024
"07-09",2001-07-09,151.431578947368,63.5,262,73.82,105.25,175.4,247.88,NA,NA,NA,NA,NA,NA,"",NA,"","DATE: Jul-09<br><b>Normal cumulative precipitation</b><br>151.4 mm<br>Period: 1991-2020","DATE: Jul-09<br><b>25-75 percentile</b><br>105.2 to 175.4 mm","DATE: Jul-09<br><b>10-90 percentile</b><br>73.8 to 247.9 mm","3065475","RICH+LAKE+AGDM",2001,2024
"07-10",2001-07-10,154.8,63.5,262,73.82,106.1,180.35,253.36,NA,NA,NA,NA,NA,NA,"",NA,"","DATE: Jul-10<br><b>Normal cumulative precipitation</b><br>154.8 mm<br>Period: 1991-2020","DATE: Jul-10<br><b>25-75 percentile</b><br>106.1 to 180.3 mm","DATE: Jul-10<br><b>10-90 percentile</b><br>73.8 to 253.4 mm","3065475","RICH+LAKE+AGDM",2001,2024
"07-11",2001-07-11,157.094736842105,68.3,262,74.2,115.15,180.35,253.36,NA,NA,NA,NA,NA,NA,"",NA,"","DATE: Jul-11<br><b>Normal cumulative precipitation</b><br>157.1 mm<br>Period: 1991-2020","DATE: Jul-11<br><b>25-75 percentile</b><br>115.2 to 180.3 mm","DATE: Jul-11<br><b>10-90 percentile</b><br>74.2 to 253.4 mm","3065475","RICH+LAKE+AGDM",2001,2024
"07-12",2001-07-12,160.663157894737,68.5,264.9,74.2,115.9,190.3,256.56,NA,NA,NA,NA,NA,NA,"",NA,"","DATE: Jul-12<br><b>Normal cumulative precipitation</b><br>160.7 mm<br>Period: 1991-2020","DATE: Jul-12<br><b>25-75 percentile</b><br>115.9 to 190.3 mm","DATE: Jul-12<br><b>10-90 percentile</b><br>74.2 to 256.6 mm","3065475","RICH+LAKE+AGDM",2001,2024
"07-13",2001-07-13,163.294736842105,69.5,272,74.2,115.9,193.95,257.8,NA,NA,NA,NA,NA,NA,"",NA,"","DATE: Jul-13<br><b>Normal cumulative precipitation</b><br>163.3 mm<br>Period: 1991-2020","DATE: Jul-13<br><b>25-75 percentile</b><br>115.9 to 193.9 mm","DATE: Jul-13<br><b>10-90 percentile</b><br>74.2 to 257.8 mm","3065475","RICH+LAKE+AGDM",2001,2024
"07-14",2001-07-14,164.289473684211,71,272.4,79.68,116.8,194.45,257.8,NA,NA,NA,NA,NA,NA,"",NA,"","DATE: Jul-14<br><b>Normal cumulative precipitation</b><br>164.3 mm<br>Period: 1991-2020","DATE: Jul-14<br><b>25-75 percentile</b><br>116.8 to 194.4 mm","DATE: Jul-14<br><b>10-90 percentile</b><br>79.7 to 257.8 mm","3065475","RICH+LAKE+AGDM",2001,2024
"07-15",2001-07-15,165.947368421053,71,272.4,80.08,123.8,195.6,257.8,NA,NA,NA,NA,NA,NA,"",NA,"","DATE: Jul-15<br><b>Normal cumulative precipitation</b><br>165.9 mm<br>Period: 1991-2020","DATE: Jul-15<br><b>25-75 percentile</b><br>123.8 to 195.6 mm","DATE: Jul-15<br><b>10-90 percentile</b><br>80.1 to 257.8 mm","3065475","RICH+LAKE+AGDM",2001,2024
"07-16",2001-07-16,170.184210526316,73.4,309,80.08,124.85,198.45,258.48,NA,NA,NA,NA,NA,NA,"",NA,"","DATE: Jul-16<br><b>Normal cumulative precipitation</b><br>170.2 mm<br>Period: 1991-2020","DATE: Jul-16<br><b>25-75 percentile</b><br>124.8 to 198.4 mm","DATE: Jul-16<br><b>10-90 percentile</b><br>80.1 to 258.5 mm","3065475","RICH+LAKE+AGDM",2001,2024
"07-17",2001-07-17,172.484210526316,73.4,311.8,80.08,124.85,201.65,259.04,NA,NA,NA,NA,NA,NA,"",NA,"","DATE: Jul-17<br><b>Normal cumulative precipitation</b><br>172.5 mm<br>Period: 1991-2020","DATE: Jul-17<br><b>25-75 percentile</b><br>124.8 to 201.6 mm","DATE: Jul-17<br><b>10-90 percentile</b><br>80.1 to 259.0 mm","3065475","RICH+LAKE+AGDM",2001,2024
"07-18",2001-07-18,178.373684210526,75.5,316.2,85.58,140.3,214.8,261.36,NA,NA,NA,NA,NA,NA,"",NA,"","DATE: Jul-18<br><b>Normal cumulative precipitation</b><br>178.4 mm<br>Period: 1991-2020","DATE: Jul-18<br><b>25-75 percentile</b><br>140.3 to 214.8 mm","DATE: Jul-18<br><b>10-90 percentile</b><br>85.6 to 261.4 mm","3065475","RICH+LAKE+AGDM",2001,2024
"07-19",2001-07-19,180.178947368421,83.1,317.2,96.82,140.3,216.9,263.36,NA,NA,NA,NA,NA,NA,"",NA,"","DATE: Jul-19<br><b>Normal cumulative precipitation</b><br>180.2 mm<br>Period: 1991-2020","DATE: Jul-19<br><b>25-75 percentile</b><br>140.3 to 216.9 mm","DATE: Jul-19<br><b>10-90 percentile</b><br>96.8 to 263.4 mm","3065475","RICH+LAKE+AGDM",2001,2024
"07-20",2001-07-20,184.342105263158,83.1,317.2,97.78,145.25,216.9,271.16,NA,NA,NA,NA,NA,NA,"",NA,"","DATE: Jul-20<br><b>Normal cumulative precipitation</b><br>184.3 mm<br>Period: 1991-2020","DATE: Jul-20<br><b>25-75 percentile</b><br>145.2 to 216.9 mm","DATE: Jul-20<br><b>10-90 percentile</b><br>97.8 to 271.2 mm","3065475","RICH+LAKE+AGDM",2001,2024
"07-21",2001-07-21,187.726315789474,83.1,317.2,97.78,145.25,220.05,271.28,NA,NA,NA,NA,NA,NA,"",NA,"","DATE: Jul-21<br><b>Normal cumulative precipitation</b><br>187.7 mm<br>Period: 1991-2020","DATE: Jul-21<br><b>25-75 percentile</b><br>145.2 to 220.0 mm","DATE: Jul-21<br><b>10-90 percentile</b><br>97.8 to 271.3 mm","3065475","RICH+LAKE+AGDM",2001,2024
"07-22",2001-07-22,188.610526315789,86.9,318.4,97.78,148.7,220.05,271.28,NA,NA,NA,NA,NA,NA,"",NA,"","DATE: Jul-22<br><b>Normal cumulative precipitation</b><br>188.6 mm<br>Period: 1991-2020","DATE: Jul-22<br><b>25-75 percentile</b><br>148.7 to 220.0 mm","DATE: Jul-22<br><b>10-90 percentile</b><br>97.8 to 271.3 mm","3065475","RICH+LAKE+AGDM",2001,2024
"07-23",2001-07-23,191.342105263158,86.9,321.4,97.78,154.5,220.05,272.8,NA,NA,NA,NA,NA,NA,"",NA,"","DATE: Jul-23<br><b>Normal cumulative precipitation</b><br>191.3 mm<br>Period: 1991-2020","DATE: Jul-23<br><b>25-75 percentile</b><br>154.5 to 220.0 mm","DATE: Jul-23<br><b>10-90 percentile</b><br>97.8 to 272.8 mm","3065475","RICH+LAKE+AGDM",2001,2024
"07-24",2001-07-24,195.336842105263,86.9,326.3,97.78,155.4,242.85,274.2,NA,NA,NA,NA,NA,NA,"",NA,"","DATE: Jul-24<br><b>Normal cumulative precipitation</b><br>195.3 mm<br>Period: 1991-2020","DATE: Jul-24<br><b>25-75 percentile</b><br>155.4 to 242.8 mm","DATE: Jul-24<br><b>10-90 percentile</b><br>97.8 to 274.2 mm","3065475","RICH+LAKE+AGDM",2001,2024
"07-25",2001-07-25,197.526315789474,86.9,331.9,97.78,155.8,247.2,279.02,NA,NA,NA,NA,NA,NA,"",NA,"","DATE: Jul-25<br><b>Normal cumulative precipitation</b><br>197.5 mm<br>Period: 1991-2020","DATE: Jul-25<br><b>25-75 percentile</b><br>155.8 to 247.2 mm","DATE: Jul-25<br><b>10-90 percentile</b><br>97.8 to 279.0 mm","3065475","RICH+LAKE+AGDM",2001,2024
"07-26",2001-07-26,199.110526315789,86.9,331.9,97.78,164.3,247.2,279.1,NA,NA,NA,NA,NA,NA,"",NA,"","DATE: Jul-26<br><b>Normal cumulative precipitation</b><br>199.1 mm<br>Period: 1991-2020","DATE: Jul-26<br><b>25-75 percentile</b><br>164.3 to 247.2 mm","DATE: Jul-26<br><b>10-90 percentile</b><br>97.8 to 279.1 mm","3065475","RICH+LAKE+AGDM",2001,2024
"07-27",2001-07-27,200.526315789474,88.8,331.9,107.1,164.3,251.4,280.46,NA,NA,NA,NA,NA,NA,"",NA,"","DATE: Jul-27<br><b>Normal cumulative precipitation</b><br>200.5 mm<br>Period: 1991-2020","DATE: Jul-27<br><b>25-75 percentile</b><br>164.3 to 251.4 mm","DATE: Jul-27<br><b>10-90 percentile</b><br>107.1 to 280.5 mm","3065475","RICH+LAKE+AGDM",2001,2024
"07-28",2001-07-28,201.421052631579,88.8,331.9,107.1,165.2,254.35,280.46,NA,NA,NA,NA,NA,NA,"",NA,"","DATE: Jul-28<br><b>Normal cumulative precipitation</b><br>201.4 mm<br>Period: 1991-2020","DATE: Jul-28<br><b>25-75 percentile</b><br>165.2 to 254.4 mm","DATE: Jul-28<br><b>10-90 percentile</b><br>107.1 to 280.5 mm","3065475","RICH+LAKE+AGDM",2001,2024
"07-29",2001-07-29,201.721052631579,88.8,331.9,107.1,165.2,255,280.46,NA,NA,NA,NA,NA,NA,"",NA,"","DATE: Jul-29<br><b>Normal cumulative precipitation</b><br>201.7 mm<br>Period: 1991-2020","DATE: Jul-29<br><b>25-75 percentile</b><br>165.2 to 255.0 mm","DATE: Jul-29<br><b>10-90 percentile</b><br>107.1 to 280.5 mm","3065475","RICH+LAKE+AGDM",2001,2024
"07-30",2001-07-30,205.110526315789,97.8,331.9,115.92,169.55,256.35,280.46,NA,NA,NA,NA,NA,NA,"",NA,"","DATE: Jul-30<br><b>Normal cumulative precipitation</b><br>205.1 mm<br>Period: 1991-2020","DATE: Jul-30<br><b>25-75 percentile</b><br>169.6 to 256.4 mm","DATE: Jul-30<br><b>10-90 percentile</b><br>115.9 to 280.5 mm","3065475","RICH+LAKE+AGDM",2001,2024
"07-31",2001-07-31,206.626315789474,97.8,331.9,115.92,172.1,258.5,280.6,NA,NA,NA,NA,NA,NA,"",NA,"","DATE: Jul-31<br><b>Normal cumulative precipitation</b><br>206.6 mm<br>Period: 1991-2020","DATE: Jul-31<br><b>25-75 percentile</b><br>172.1 to 258.5 mm","DATE: Jul-31<br><b>10-90 percentile</b><br>115.9 to 280.6 mm","3065475","RICH+LAKE+AGDM",2001,2024
"08-01",2001-08-01,208.889473684211,97.8,331.9,119.76,172.1,262.15,294.9,NA,NA,NA,NA,NA,NA,"",NA,"","DATE: Aug-01<br><b>Normal cumulative precipitation</b><br>208.9 mm<br>Period: 1991-2020","DATE: Aug-01<br><b>25-75 percentile</b><br>172.1 to 262.1 mm","DATE: Aug-01<br><b>10-90 percentile</b><br>119.8 to 294.9 mm","3065475","RICH+LAKE+AGDM",2001,2024
"08-02",2001-08-02,209.715789473684,97.8,331.9,123.44,172.1,263.25,295.7,NA,NA,NA,NA,NA,NA,"",NA,"","DATE: Aug-02<br><b>Normal cumulative precipitation</b><br>209.7 mm<br>Period: 1991-2020","DATE: Aug-02<br><b>25-75 percentile</b><br>172.1 to 263.2 mm","DATE: Aug-02<br><b>10-90 percentile</b><br>123.4 to 295.7 mm","3065475","RICH+LAKE+AGDM",2001,2024
"08-03",2001-08-03,209.847368421053,97.8,331.9,123.44,172.6,263.65,295.7,NA,NA,NA,NA,NA,NA,"",NA,"","DATE: Aug-03<br><b>Normal cumulative precipitation</b><br>209.8 mm<br>Period: 1991-2020","DATE: Aug-03<br><b>25-75 percentile</b><br>172.6 to 263.6 mm","DATE: Aug-03<br><b>10-90 percentile</b><br>123.4 to 295.7 mm","3065475","RICH+LAKE+AGDM",2001,2024
"08-04",2001-08-04,211.163157894737,97.8,332.3,123.84,172.6,267.25,295.7,NA,NA,NA,NA,NA,NA,"",NA,"","DATE: Aug-04<br><b>Normal cumulative precipitation</b><br>211.2 mm<br>Period: 1991-2020","DATE: Aug-04<br><b>25-75 percentile</b><br>172.6 to 267.2 mm","DATE: Aug-04<br><b>10-90 percentile</b><br>123.8 to 295.7 mm","3065475","RICH+LAKE+AGDM",2001,2024
"08-05",2001-08-05,212.805263157895,97.8,332.3,124.04,172.85,271.65,296.54,NA,NA,NA,NA,NA,NA,"",NA,"","DATE: Aug-05<br><b>Normal cumulative precipitation</b><br>212.8 mm<br>Period: 1991-2020","DATE: Aug-05<br><b>25-75 percentile</b><br>172.8 to 271.6 mm","DATE: Aug-05<br><b>10-90 percentile</b><br>124.0 to 296.5 mm","3065475","RICH+LAKE+AGDM",2001,2024
"08-06",2001-08-06,214.510526315789,99.5,332.3,126.62,177.3,273.7,298.86,NA,NA,NA,NA,NA,NA,"",NA,"","DATE: Aug-06<br><b>Normal cumulative precipitation</b><br>214.5 mm<br>Period: 1991-2020","DATE: Aug-06<br><b>25-75 percentile</b><br>177.3 to 273.7 mm","DATE: Aug-06<br><b>10-90 percentile</b><br>126.6 to 298.9 mm","3065475","RICH+LAKE+AGDM",2001,2024
"08-07",2001-08-07,216.973684210526,99.5,345.1,129.32,179.3,280.75,300.9,NA,NA,NA,NA,NA,NA,"",NA,"","DATE: Aug-07<br><b>Normal cumulative precipitation</b><br>217.0 mm<br>Period: 1991-2020","DATE: Aug-07<br><b>25-75 percentile</b><br>179.3 to 280.8 mm","DATE: Aug-07<br><b>10-90 percentile</b><br>129.3 to 300.9 mm","3065475","RICH+LAKE+AGDM",2001,2024
"08-08",2001-08-08,218.121052631579,99.5,345.1,129.32,179.3,280.75,303.64,NA,NA,NA,NA,NA,NA,"",NA,"","DATE: Aug-08<br><b>Normal cumulative precipitation</b><br>218.1 mm<br>Period: 1991-2020","DATE: Aug-08<br><b>25-75 percentile</b><br>179.3 to 280.8 mm","DATE: Aug-08<br><b>10-90 percentile</b><br>129.3 to 303.6 mm","3065475","RICH+LAKE+AGDM",2001,2024
"08-09",2001-08-09,219.521052631579,99.5,345.7,129.32,186.6,280.75,303.64,NA,NA,NA,NA,NA,NA,"",NA,"","DATE: Aug-09<br><b>Normal cumulative precipitation</b><br>219.5 mm<br>Period: 1991-2020","DATE: Aug-09<br><b>25-75 percentile</b><br>186.6 to 280.8 mm","DATE: Aug-09<br><b>10-90 percentile</b><br>129.3 to 303.6 mm","3065475","RICH+LAKE+AGDM",2001,2024
"08-10",2001-08-10,220.710526315789,99.5,345.7,129.32,186.6,285.15,303.64,NA,NA,NA,NA,NA,NA,"",NA,"","DATE: Aug-10<br><b>Normal cumulative precipitation</b><br>220.7 mm<br>Period: 1991-2020","DATE: Aug-10<br><b>25-75 percentile</b><br>186.6 to 285.1 mm","DATE: Aug-10<br><b>10-90 percentile</b><br>129.3 to 303.6 mm","3065475","RICH+LAKE+AGDM",2001,2024
"08-11",2001-08-11,224,99.5,345.7,129.32,186.6,285.15,311.48,NA,NA,NA,NA,NA,NA,"",NA,"","DATE: Aug-11<br><b>Normal cumulative precipitation</b><br>224.0 mm<br>Period: 1991-2020","DATE: Aug-11<br><b>25-75 percentile</b><br>186.6 to 285.1 mm","DATE: Aug-11<br><b>10-90 percentile</b><br>129.3 to 311.5 mm","3065475","RICH+LAKE+AGDM",2001,2024
"08-12",2001-08-12,228.168421052632,99.5,357.7,140.5,186.6,285.15,312.36,NA,NA,NA,NA,NA,NA,"",NA,"","DATE: Aug-12<br><b>Normal cumulative precipitation</b><br>228.2 mm<br>Period: 1991-2020","DATE: Aug-12<br><b>25-75 percentile</b><br>186.6 to 285.1 mm","DATE: Aug-12<br><b>10-90 percentile</b><br>140.5 to 312.4 mm","3065475","RICH+LAKE+AGDM",2001,2024
"08-13",2001-08-13,229.578947368421,99.5,357.7,140.74,186.6,287.9,316.52,NA,NA,NA,NA,NA,NA,"",NA,"","DATE: Aug-13<br><b>Normal cumulative precipitation</b><br>229.6 mm<br>Period: 1991-2020","DATE: Aug-13<br><b>25-75 percentile</b><br>186.6 to 287.9 mm","DATE: Aug-13<br><b>10-90 percentile</b><br>140.7 to 316.5 mm","3065475","RICH+LAKE+AGDM",2001,2024
"08-14",2001-08-14,231.073684210526,100.7,357.7,149.06,187.05,293.65,316.84,NA,NA,NA,NA,NA,NA,"",NA,"","DATE: Aug-14<br><b>Normal cumulative precipitation</b><br>231.1 mm<br>Period: 1991-2020","DATE: Aug-14<br><b>25-75 percentile</b><br>187.0 to 293.6 mm","DATE: Aug-14<br><b>10-90 percentile</b><br>149.1 to 316.8 mm","3065475","RICH+LAKE+AGDM",2001,2024
"08-15",2001-08-15,232.194736842105,100.7,357.7,154.5,187.05,299.5,316.84,NA,NA,NA,NA,NA,NA,"",NA,"","DATE: Aug-15<br><b>Normal cumulative precipitation</b><br>232.2 mm<br>Period: 1991-2020","DATE: Aug-15<br><b>25-75 percentile</b><br>187.0 to 299.5 mm","DATE: Aug-15<br><b>10-90 percentile</b><br>154.5 to 316.8 mm","3065475","RICH+LAKE+AGDM",2001,2024
"08-16",2001-08-16,232.794736842105,100.7,358.5,154.66,187.05,300.65,317.28,NA,NA,NA,NA,NA,NA,"",NA,"","DATE: Aug-16<br><b>Normal cumulative precipitation</b><br>232.8 mm<br>Period: 1991-2020","DATE: Aug-16<br><b>25-75 percentile</b><br>187.0 to 300.6 mm","DATE: Aug-16<br><b>10-90 percentile</b><br>154.7 to 317.3 mm","3065475","RICH+LAKE+AGDM",2001,2024
"08-17",2001-08-17,233.815789473684,100.7,358.5,155.46,187.9,300.65,325.12,NA,NA,NA,NA,NA,NA,"",NA,"","DATE: Aug-17<br><b>Normal cumulative precipitation</b><br>233.8 mm<br>Period: 1991-2020","DATE: Aug-17<br><b>25-75 percentile</b><br>187.9 to 300.6 mm","DATE: Aug-17<br><b>10-90 percentile</b><br>155.5 to 325.1 mm","3065475","RICH+LAKE+AGDM",2001,2024
"08-18",2001-08-18,234.605263157895,100.7,358.5,155.62,187.9,301.4,334.4,NA,NA,NA,NA,NA,NA,"",NA,"","DATE: Aug-18<br><b>Normal cumulative precipitation</b><br>234.6 mm<br>Period: 1991-2020","DATE: Aug-18<br><b>25-75 percentile</b><br>187.9 to 301.4 mm","DATE: Aug-18<br><b>10-90 percentile</b><br>155.6 to 334.4 mm","3065475","RICH+LAKE+AGDM",2001,2024
"08-19",2001-08-19,235.073684210526,100.7,359,160.12,188.45,301.4,334.4,NA,NA,NA,NA,NA,NA,"",NA,"","DATE: Aug-19<br><b>Normal cumulative precipitation</b><br>235.1 mm<br>Period: 1991-2020","DATE: Aug-19<br><b>25-75 percentile</b><br>188.4 to 301.4 mm","DATE: Aug-19<br><b>10-90 percentile</b><br>160.1 to 334.4 mm","3065475","RICH+LAKE+AGDM",2001,2024
"08-20",2001-08-20,237.321052631579,100.7,359,160.12,198.8,301.4,334.4,NA,NA,NA,NA,NA,NA,"",NA,"","DATE: Aug-20<br><b>Normal cumulative precipitation</b><br>237.3 mm<br>Period: 1991-2020","DATE: Aug-20<br><b>25-75 percentile</b><br>198.8 to 301.4 mm","DATE: Aug-20<br><b>10-90 percentile</b><br>160.1 to 334.4 mm","3065475","RICH+LAKE+AGDM",2001,2024
"08-21",2001-08-21,238.110526315789,100.7,359.5,160.12,198.8,301.4,334.4,NA,NA,NA,NA,NA,NA,"",NA,"","DATE: Aug-21<br><b>Normal cumulative precipitation</b><br>238.1 mm<br>Period: 1991-2020","DATE: Aug-21<br><b>25-75 percentile</b><br>198.8 to 301.4 mm","DATE: Aug-21<br><b>10-90 percentile</b><br>160.1 to 334.4 mm","3065475","RICH+LAKE+AGDM",2001,2024
"08-22",2001-08-22,239.547368421053,105.4,368.2,160.12,200,301.7,334.4,NA,NA,NA,NA,NA,NA,"",NA,"","DATE: Aug-22<br><b>Normal cumulative precipitation</b><br>239.5 mm<br>Period: 1991-2020","DATE: Aug-22<br><b>25-75 percentile</b><br>200.0 to 301.7 mm","DATE: Aug-22<br><b>10-90 percentile</b><br>160.1 to 334.4 mm","3065475","RICH+LAKE+AGDM",2001,2024
"08-23",2001-08-23,241.526315789474,114.4,368.2,160.12,200,304,334.54,NA,NA,NA,NA,NA,NA,"",NA,"","DATE: Aug-23<br><b>Normal cumulative precipitation</b><br>241.5 mm<br>Period: 1991-2020","DATE: Aug-23<br><b>25-75 percentile</b><br>200.0 to 304.0 mm","DATE: Aug-23<br><b>10-90 percentile</b><br>160.1 to 334.5 mm","3065475","RICH+LAKE+AGDM",2001,2024
"08-24",2001-08-24,242.689473684211,114.4,372.6,160.28,200,308.05,335.02,NA,NA,NA,NA,NA,NA,"",NA,"","DATE: Aug-24<br><b>Normal cumulative precipitation</b><br>242.7 mm<br>Period: 1991-2020","DATE: Aug-24<br><b>25-75 percentile</b><br>200.0 to 308.0 mm","DATE: Aug-24<br><b>10-90 percentile</b><br>160.3 to 335.0 mm","3065475","RICH+LAKE+AGDM",2001,2024
"08-25",2001-08-25,243.047368421053,114.4,372.6,161,200,309.35,335.02,NA,NA,NA,NA,NA,NA,"",NA,"","DATE: Aug-25<br><b>Normal cumulative precipitation</b><br>243.0 mm<br>Period: 1991-2020","DATE: Aug-25<br><b>25-75 percentile</b><br>200.0 to 309.4 mm","DATE: Aug-25<br><b>10-90 percentile</b><br>161.0 to 335.0 mm","3065475","RICH+LAKE+AGDM",2001,2024
"08-26",2001-08-26,243.778947368421,114.4,372.6,162.16,200,309.6,335.08,NA,NA,NA,NA,NA,NA,"",NA,"","DATE: Aug-26<br><b>Normal cumulative precipitation</b><br>243.8 mm<br>Period: 1991-2020","DATE: Aug-26<br><b>25-75 percentile</b><br>200.0 to 309.6 mm","DATE: Aug-26<br><b>10-90 percentile</b><br>162.2 to 335.1 mm","3065475","RICH+LAKE+AGDM",2001,2024
"08-27",2001-08-27,244.368421052632,116.3,372.6,162.48,200,309.6,335.72,NA,NA,NA,NA,NA,NA,"",NA,"","DATE: Aug-27<br><b>Normal cumulative precipitation</b><br>244.4 mm<br>Period: 1991-2020","DATE: Aug-27<br><b>25-75 percentile</b><br>200.0 to 309.6 mm","DATE: Aug-27<br><b>10-90 percentile</b><br>162.5 to 335.7 mm","3065475","RICH+LAKE+AGDM",2001,2024
"08-28",2001-08-28,245.068421052632,116.3,373,162.48,200,310.35,335.72,NA,NA,NA,NA,NA,NA,"",NA,"","DATE: Aug-28<br><b>Normal cumulative precipitation</b><br>245.1 mm<br>Period: 1991-2020","DATE: Aug-28<br><b>25-75 percentile</b><br>200.0 to 310.4 mm","DATE: Aug-28<br><b>10-90 percentile</b><br>162.5 to 335.7 mm","3065475","RICH+LAKE+AGDM",2001,2024
"08-29",2001-08-29,245.473684210526,116.3,373.4,164.96,200,310.55,335.72,NA,NA,NA,NA,NA,NA,"",NA,"","DATE: Aug-29<br><b>Normal cumulative precipitation</b><br>245.5 mm<br>Period: 1991-2020","DATE: Aug-29<br><b>25-75 percentile</b><br>200.0 to 310.6 mm","DATE: Aug-29<br><b>10-90 percentile</b><br>165.0 to 335.7 mm","3065475","RICH+LAKE+AGDM",2001,2024
"08-30",2001-08-30,247.942105263158,116.3,375.1,168.56,200,310.8,335.72,NA,NA,NA,NA,NA,NA,"",NA,"","DATE: Aug-30<br><b>Normal cumulative precipitation</b><br>247.9 mm<br>Period: 1991-2020","DATE: Aug-30<br><b>25-75 percentile</b><br>200.0 to 310.8 mm","DATE: Aug-30<br><b>10-90 percentile</b><br>168.6 to 335.7 mm","3065475","RICH+LAKE+AGDM",2001,2024
"08-31",2001-08-31,248.589473684211,116.3,375.7,169.26,200,310.8,336.12,NA,NA,NA,NA,NA,NA,"",NA,"","DATE: Aug-31<br><b>Normal cumulative precipitation</b><br>248.6 mm<br>Period: 1991-2020","DATE: Aug-31<br><b>25-75 percentile</b><br>200.0 to 310.8 mm","DATE: Aug-31<br><b>10-90 percentile</b><br>169.3 to 336.1 mm","3065475","RICH+LAKE+AGDM",2001,2024
"09-01",2001-09-01,249.910526315789,116.3,375.7,169.26,200,312.35,336.32,NA,NA,NA,NA,NA,NA,"",NA,"","DATE: Sep-01<br><b>Normal cumulative precipitation</b><br>249.9 mm<br>Period: 1991-2020","DATE: Sep-01<br><b>25-75 percentile</b><br>200.0 to 312.4 mm","DATE: Sep-01<br><b>10-90 percentile</b><br>169.3 to 336.3 mm","3065475","RICH+LAKE+AGDM",2001,2024
"09-02",2001-09-02,253.205263157895,116.3,380.1,169.26,200,317.35,337.32,NA,NA,NA,NA,NA,NA,"",NA,"","DATE: Sep-02<br><b>Normal cumulative precipitation</b><br>253.2 mm<br>Period: 1991-2020","DATE: Sep-02<br><b>25-75 percentile</b><br>200.0 to 317.4 mm","DATE: Sep-02<br><b>10-90 percentile</b><br>169.3 to 337.3 mm","3065475","RICH+LAKE+AGDM",2001,2024
"09-03",2001-09-03,254.6,118,380.1,169.26,200,319,337.36,NA,NA,NA,NA,NA,NA,"",NA,"","DATE: Sep-03<br><b>Normal cumulative precipitation</b><br>254.6 mm<br>Period: 1991-2020","DATE: Sep-03<br><b>25-75 percentile</b><br>200.0 to 319.0 mm","DATE: Sep-03<br><b>10-90 percentile</b><br>169.3 to 337.4 mm","3065475","RICH+LAKE+AGDM",2001,2024
"09-04",2001-09-04,255.515789473684,127.2,380.1,169.26,200,319.25,337.72,NA,NA,NA,NA,NA,NA,"",NA,"","DATE: Sep-04<br><b>Normal cumulative precipitation</b><br>255.5 mm<br>Period: 1991-2020","DATE: Sep-04<br><b>25-75 percentile</b><br>200.0 to 319.2 mm","DATE: Sep-04<br><b>10-90 percentile</b><br>169.3 to 337.7 mm","3065475","RICH+LAKE+AGDM",2001,2024
"09-05",2001-09-05,255.826315789474,127.2,383.4,169.26,200,319.25,337.72,NA,NA,NA,NA,NA,NA,"",NA,"","DATE: Sep-05<br><b>Normal cumulative precipitation</b><br>255.8 mm<br>Period: 1991-2020","DATE: Sep-05<br><b>25-75 percentile</b><br>200.0 to 319.2 mm","DATE: Sep-05<br><b>10-90 percentile</b><br>169.3 to 337.7 mm","3065475","RICH+LAKE+AGDM",2001,2024
"09-06",2001-09-06,258.805263157895,128.7,384,172.22,200.2,319.45,337.72,NA,NA,NA,NA,NA,NA,"",NA,"","DATE: Sep-06<br><b>Normal cumulative precipitation</b><br>258.8 mm<br>Period: 1991-2020","DATE: Sep-06<br><b>25-75 percentile</b><br>200.2 to 319.5 mm","DATE: Sep-06<br><b>10-90 percentile</b><br>172.2 to 337.7 mm","3065475","RICH+LAKE+AGDM",2001,2024
"09-07",2001-09-07,259.842105263158,128.7,384,172.7,200.2,319.45,337.72,NA,NA,NA,NA,NA,NA,"",NA,"","DATE: Sep-07<br><b>Normal cumulative precipitation</b><br>259.8 mm<br>Period: 1991-2020","DATE: Sep-07<br><b>25-75 percentile</b><br>200.2 to 319.5 mm","DATE: Sep-07<br><b>10-90 percentile</b><br>172.7 to 337.7 mm","3065475","RICH+LAKE+AGDM",2001,2024
"09-08",2001-09-08,260.342105263158,128.7,384,172.7,200.2,319.45,337.72,NA,NA,NA,NA,NA,NA,"",NA,"","DATE: Sep-08<br><b>Normal cumulative precipitation</b><br>260.3 mm<br>Period: 1991-2020","DATE: Sep-08<br><b>25-75 percentile</b><br>200.2 to 319.5 mm","DATE: Sep-08<br><b>10-90 percentile</b><br>172.7 to 337.7 mm","3065475","RICH+LAKE+AGDM",2001,2024
"09-09",2001-09-09,262.663157894737,128.7,384,172.7,200.2,322.6,342.94,NA,NA,NA,NA,NA,NA,"",NA,"","DATE: Sep-09<br><b>Normal cumulative precipitation</b><br>262.7 mm<br>Period: 1991-2020","DATE: Sep-09<br><b>25-75 percentile</b><br>200.2 to 322.6 mm","DATE: Sep-09<br><b>10-90 percentile</b><br>172.7 to 342.9 mm","3065475","RICH+LAKE+AGDM",2001,2024
"09-10",2001-09-10,264.215789473684,129.2,384,172.7,205.3,325.6,344.54,NA,NA,NA,NA,NA,NA,"",NA,"","DATE: Sep-10<br><b>Normal cumulative precipitation</b><br>264.2 mm<br>Period: 1991-2020","DATE: Sep-10<br><b>25-75 percentile</b><br>205.3 to 325.6 mm","DATE: Sep-10<br><b>10-90 percentile</b><br>172.7 to 344.5 mm","3065475","RICH+LAKE+AGDM",2001,2024
"09-11",2001-09-11,265.1,129.2,384,172.7,209.65,325.8,344.96,NA,NA,NA,NA,NA,NA,"",NA,"","DATE: Sep-11<br><b>Normal cumulative precipitation</b><br>265.1 mm<br>Period: 1991-2020","DATE: Sep-11<br><b>25-75 percentile</b><br>209.6 to 325.8 mm","DATE: Sep-11<br><b>10-90 percentile</b><br>172.7 to 345.0 mm","3065475","RICH+LAKE+AGDM",2001,2024
"09-12",2001-09-12,265.852631578947,129.2,384,172.7,209.9,325.8,345.46,NA,NA,NA,NA,NA,NA,"",NA,"","DATE: Sep-12<br><b>Normal cumulative precipitation</b><br>265.9 mm<br>Period: 1991-2020","DATE: Sep-12<br><b>25-75 percentile</b><br>209.9 to 325.8 mm","DATE: Sep-12<br><b>10-90 percentile</b><br>172.7 to 345.5 mm","3065475","RICH+LAKE+AGDM",2001,2024
"09-13",2001-09-13,266.884210526316,129.2,390.9,173.26,209.9,326.4,348.1,NA,NA,NA,NA,NA,NA,"",NA,"","DATE: Sep-13<br><b>Normal cumulative precipitation</b><br>266.9 mm<br>Period: 1991-2020","DATE: Sep-13<br><b>25-75 percentile</b><br>209.9 to 326.4 mm","DATE: Sep-13<br><b>10-90 percentile</b><br>173.3 to 348.1 mm","3065475","RICH+LAKE+AGDM",2001,2024
"09-14",2001-09-14,267.652631578947,129.2,390.9,173.26,209.9,327.1,353.58,NA,NA,NA,NA,NA,NA,"",NA,"","DATE: Sep-14<br><b>Normal cumulative precipitation</b><br>267.7 mm<br>Period: 1991-2020","DATE: Sep-14<br><b>25-75 percentile</b><br>209.9 to 327.1 mm","DATE: Sep-14<br><b>10-90 percentile</b><br>173.3 to 353.6 mm","3065475","RICH+LAKE+AGDM",2001,2024
"09-15",2001-09-15,268.563157894737,129.2,391.4,173.26,209.9,327.1,354,NA,NA,NA,NA,NA,NA,"",NA,"","DATE: Sep-15<br><b>Normal cumulative precipitation</b><br>268.6 mm<br>Period: 1991-2020","DATE: Sep-15<br><b>25-75 percentile</b><br>209.9 to 327.1 mm","DATE: Sep-15<br><b>10-90 percentile</b><br>173.3 to 354.0 mm","3065475","RICH+LAKE+AGDM",2001,2024
"09-16",2001-09-16,269.826315789474,129.2,391.4,173.26,212.8,327.1,354.32,NA,NA,NA,NA,NA,NA,"",NA,"","DATE: Sep-16<br><b>Normal cumulative precipitation</b><br>269.8 mm<br>Period: 1991-2020","DATE: Sep-16<br><b>25-75 percentile</b><br>212.8 to 327.1 mm","DATE: Sep-16<br><b>10-90 percentile</b><br>173.3 to 354.3 mm","3065475","RICH+LAKE+AGDM",2001,2024
"09-17",2001-09-17,270.168421052632,129.7,391.4,173.26,212.8,327.35,354.32,NA,NA,NA,NA,NA,NA,"",NA,"","DATE: Sep-17<br><b>Normal cumulative precipitation</b><br>270.2 mm<br>Period: 1991-2020","DATE: Sep-17<br><b>25-75 percentile</b><br>212.8 to 327.4 mm","DATE: Sep-17<br><b>10-90 percentile</b><br>173.3 to 354.3 mm","3065475","RICH+LAKE+AGDM",2001,2024
"09-18",2001-09-18,271.984210526316,129.7,391.4,173.26,212.8,327.55,354.32,NA,NA,NA,NA,NA,NA,"",NA,"","DATE: Sep-18<br><b>Normal cumulative precipitation</b><br>272.0 mm<br>Period: 1991-2020","DATE: Sep-18<br><b>25-75 percentile</b><br>212.8 to 327.5 mm","DATE: Sep-18<br><b>10-90 percentile</b><br>173.3 to 354.3 mm","3065475","RICH+LAKE+AGDM",2001,2024
"09-19",2001-09-19,272.557894736842,129.7,391.4,174.78,213.25,328.55,354.38,NA,NA,NA,NA,NA,NA,"",NA,"","DATE: Sep-19<br><b>Normal cumulative precipitation</b><br>272.6 mm<br>Period: 1991-2020","DATE: Sep-19<br><b>25-75 percentile</b><br>213.2 to 328.5 mm","DATE: Sep-19<br><b>10-90 percentile</b><br>174.8 to 354.4 mm","3065475","RICH+LAKE+AGDM",2001,2024
"09-20",2001-09-20,272.926315789474,129.7,391.4,174.78,213.25,330.05,354.42,NA,NA,NA,NA,NA,NA,"",NA,"","DATE: Sep-20<br><b>Normal cumulative precipitation</b><br>272.9 mm<br>Period: 1991-2020","DATE: Sep-20<br><b>25-75 percentile</b><br>213.2 to 330.0 mm","DATE: Sep-20<br><b>10-90 percentile</b><br>174.8 to 354.4 mm","3065475","RICH+LAKE+AGDM",2001,2024
"09-21",2001-09-21,273.357894736842,129.7,391.4,176.06,213.25,332.5,354.5,NA,NA,NA,NA,NA,NA,"",NA,"","DATE: Sep-21<br><b>Normal cumulative precipitation</b><br>273.4 mm<br>Period: 1991-2020","DATE: Sep-21<br><b>25-75 percentile</b><br>213.2 to 332.5 mm","DATE: Sep-21<br><b>10-90 percentile</b><br>176.1 to 354.5 mm","3065475","RICH+LAKE+AGDM",2001,2024
"09-22",2001-09-22,273.931578947368,129.7,391.4,178.62,213.25,332.5,354.58,NA,NA,NA,NA,NA,NA,"",NA,"","DATE: Sep-22<br><b>Normal cumulative precipitation</b><br>273.9 mm<br>Period: 1991-2020","DATE: Sep-22<br><b>25-75 percentile</b><br>213.2 to 332.5 mm","DATE: Sep-22<br><b>10-90 percentile</b><br>178.6 to 354.6 mm","3065475","RICH+LAKE+AGDM",2001,2024
"09-23",2001-09-23,274.1,129.7,391.4,179.18,213.25,333.2,354.62,NA,NA,NA,NA,NA,NA,"",NA,"","DATE: Sep-23<br><b>Normal cumulative precipitation</b><br>274.1 mm<br>Period: 1991-2020","DATE: Sep-23<br><b>25-75 percentile</b><br>213.2 to 333.2 mm","DATE: Sep-23<br><b>10-90 percentile</b><br>179.2 to 354.6 mm","3065475","RICH+LAKE+AGDM",2001,2024
"09-24",2001-09-24,274.163157894737,129.7,391.4,179.18,213.25,333.2,354.62,NA,NA,NA,NA,NA,NA,"",NA,"","DATE: Sep-24<br><b>Normal cumulative precipitation</b><br>274.2 mm<br>Period: 1991-2020","DATE: Sep-24<br><b>25-75 percentile</b><br>213.2 to 333.2 mm","DATE: Sep-24<br><b>10-90 percentile</b><br>179.2 to 354.6 mm","3065475","RICH+LAKE+AGDM",2001,2024
"09-25",2001-09-25,274.463157894737,129.7,391.8,179.18,213.25,334.45,354.7,NA,NA,NA,NA,NA,NA,"",NA,"","DATE: Sep-25<br><b>Normal cumulative precipitation</b><br>274.5 mm<br>Period: 1991-2020","DATE: Sep-25<br><b>25-75 percentile</b><br>213.2 to 334.5 mm","DATE: Sep-25<br><b>10-90 percentile</b><br>179.2 to 354.7 mm","3065475","RICH+LAKE+AGDM",2001,2024
"09-26",2001-09-26,276.821052631579,131.9,393.6,179.18,213.25,337.15,368.8,NA,NA,NA,NA,NA,NA,"",NA,"","DATE: Sep-26<br><b>Normal cumulative precipitation</b><br>276.8 mm<br>Period: 1991-2020","DATE: Sep-26<br><b>25-75 percentile</b><br>213.2 to 337.1 mm","DATE: Sep-26<br><b>10-90 percentile</b><br>179.2 to 368.8 mm","3065475","RICH+LAKE+AGDM",2001,2024
"09-27",2001-09-27,276.863157894737,131.9,394,179.18,213.25,337.15,368.8,NA,NA,NA,NA,NA,NA,"",NA,"","DATE: Sep-27<br><b>Normal cumulative precipitation</b><br>276.9 mm<br>Period: 1991-2020","DATE: Sep-27<br><b>25-75 percentile</b><br>213.2 to 337.1 mm","DATE: Sep-27<br><b>10-90 percentile</b><br>179.2 to 368.8 mm","3065475","RICH+LAKE+AGDM",2001,2024
"09-28",2001-09-28,277.042105263158,131.9,394,179.18,213.25,337.15,368.8,NA,NA,NA,NA,NA,NA,"",NA,"","DATE: Sep-28<br><b>Normal cumulative precipitation</b><br>277.0 mm<br>Period: 1991-2020","DATE: Sep-28<br><b>25-75 percentile</b><br>213.2 to 337.1 mm","DATE: Sep-28<br><b>10-90 percentile</b><br>179.2 to 368.8 mm","3065475","RICH+LAKE+AGDM",2001,2024
"09-29",2001-09-29,277.089473684211,131.9,394,179.18,213.25,337.15,368.8,NA,NA,NA,NA,NA,NA,"",NA,"","DATE: Sep-29<br><b>Normal cumulative precipitation</b><br>277.1 mm<br>Period: 1991-2020","DATE: Sep-29<br><b>25-75 percentile</b><br>213.2 to 337.1 mm","DATE: Sep-29<br><b>10-90 percentile</b><br>179.2 to 368.8 mm","3065475","RICH+LAKE+AGDM",2001,2024
"09-30",2001-09-30,277.442105263158,131.9,394,179.34,213.25,337.35,370.64,NA,NA,NA,NA,NA,NA,"",NA,"","DATE: Sep-30<br><b>Normal cumulative precipitation</b><br>277.4 mm<br>Period: 1991-2020","DATE: Sep-30<br><b>25-75 percentile</b><br>213.2 to 337.4 mm","DATE: Sep-30<br><b>10-90 percentile</b><br>179.3 to 370.6 mm","3065475","RICH+LAKE+AGDM",2001,2024
"10-01",2001-10-01,279.4,131.9,394,179.34,213.55,343.7,370.64,NA,NA,NA,NA,NA,NA,"",NA,"","DATE: Oct-01<br><b>Normal cumulative precipitation</b><br>279.4 mm<br>Period: 1991-2020","DATE: Oct-01<br><b>25-75 percentile</b><br>213.6 to 343.7 mm","DATE: Oct-01<br><b>10-90 percentile</b><br>179.3 to 370.6 mm","3065475","RICH+LAKE+AGDM",2001,2024
"10-02",2001-10-02,280.426315789474,131.9,394,180.56,213.75,343.9,372.76,NA,NA,NA,NA,NA,NA,"",NA,"","DATE: Oct-02<br><b>Normal cumulative precipitation</b><br>280.4 mm<br>Period: 1991-2020","DATE: Oct-02<br><b>25-75 percentile</b><br>213.8 to 343.9 mm","DATE: Oct-02<br><b>10-90 percentile</b><br>180.6 to 372.8 mm","3065475","RICH+LAKE+AGDM",2001,2024
"10-03",2001-10-03,280.626315789474,131.9,394,180.7,213.75,344.1,372.76,NA,NA,NA,NA,NA,NA,"",NA,"","DATE: Oct-03<br><b>Normal cumulative precipitation</b><br>280.6 mm<br>Period: 1991-2020","DATE: Oct-03<br><b>25-75 percentile</b><br>213.8 to 344.1 mm","DATE: Oct-03<br><b>10-90 percentile</b><br>180.7 to 372.8 mm","3065475","RICH+LAKE+AGDM",2001,2024
"10-04",2001-10-04,280.673684210526,131.9,394,180.7,213.75,344.1,372.76,NA,NA,NA,NA,NA,NA,"",NA,"","DATE: Oct-04<br><b>Normal cumulative precipitation</b><br>280.7 mm<br>Period: 1991-2020","DATE: Oct-04<br><b>25-75 percentile</b><br>213.8 to 344.1 mm","DATE: Oct-04<br><b>10-90 percentile</b><br>180.7 to 372.8 mm","3065475","RICH+LAKE+AGDM",2001,2024
"10-05",2001-10-05,280.789473684211,132.3,394,180.7,213.75,344.1,372.76,NA,NA,NA,NA,NA,NA,"",NA,"","DATE: Oct-05<br><b>Normal cumulative precipitation</b><br>280.8 mm<br>Period: 1991-2020","DATE: Oct-05<br><b>25-75 percentile</b><br>213.8 to 344.1 mm","DATE: Oct-05<br><b>10-90 percentile</b><br>180.7 to 372.8 mm","3065475","RICH+LAKE+AGDM",2001,2024
"10-06",2001-10-06,281.273684210526,140,394,180.7,213.75,344.1,373.64,NA,NA,NA,NA,NA,NA,"",NA,"","DATE: Oct-06<br><b>Normal cumulative precipitation</b><br>281.3 mm<br>Period: 1991-2020","DATE: Oct-06<br><b>25-75 percentile</b><br>213.8 to 344.1 mm","DATE: Oct-06<br><b>10-90 percentile</b><br>180.7 to 373.6 mm","3065475","RICH+LAKE+AGDM",2001,2024
"10-07",2001-10-07,282.4,140.5,394,182.86,213.75,349.1,373.64,NA,NA,NA,NA,NA,NA,"",NA,"","DATE: Oct-07<br><b>Normal cumulative precipitation</b><br>282.4 mm<br>Period: 1991-2020","DATE: Oct-07<br><b>25-75 percentile</b><br>213.8 to 349.1 mm","DATE: Oct-07<br><b>10-90 percentile</b><br>182.9 to 373.6 mm","3065475","RICH+LAKE+AGDM",2001,2024
"10-08",2001-10-08,282.657894736842,140.5,394,182.96,213.75,349.3,373.64,NA,NA,NA,NA,NA,NA,"",NA,"","DATE: Oct-08<br><b>Normal cumulative precipitation</b><br>282.7 mm<br>Period: 1991-2020","DATE: Oct-08<br><b>25-75 percentile</b><br>213.8 to 349.3 mm","DATE: Oct-08<br><b>10-90 percentile</b><br>183.0 to 373.6 mm","3065475","RICH+LAKE+AGDM",2001,2024
"10-09",2001-10-09,283.115789473684,140.5,394,182.96,214.15,349.6,373.82,NA,NA,NA,NA,NA,NA,"",NA,"","DATE: Oct-09<br><b>Normal cumulative precipitation</b><br>283.1 mm<br>Period: 1991-2020","DATE: Oct-09<br><b>25-75 percentile</b><br>214.1 to 349.6 mm","DATE: Oct-09<br><b>10-90 percentile</b><br>183.0 to 373.8 mm","3065475","RICH+LAKE+AGDM",2001,2024
"10-10",2001-10-10,283.342105263158,140.9,394,182.96,215.95,349.6,373.88,NA,NA,NA,NA,NA,NA,"",NA,"","DATE: Oct-10<br><b>Normal cumulative precipitation</b><br>283.3 mm<br>Period: 1991-2020","DATE: Oct-10<br><b>25-75 percentile</b><br>215.9 to 349.6 mm","DATE: Oct-10<br><b>10-90 percentile</b><br>183.0 to 373.9 mm","3065475","RICH+LAKE+AGDM",2001,2024
"10-11",2001-10-11,284.852631578947,140.9,402.2,183.12,215.95,353.6,373.88,NA,NA,NA,NA,NA,NA,"",NA,"","DATE: Oct-11<br><b>Normal cumulative precipitation</b><br>284.9 mm<br>Period: 1991-2020","DATE: Oct-11<br><b>25-75 percentile</b><br>215.9 to 353.6 mm","DATE: Oct-11<br><b>10-90 percentile</b><br>183.1 to 373.9 mm","3065475","RICH+LAKE+AGDM",2001,2024
"10-12",2001-10-12,285.578947368421,141.8,402.2,183.12,219.1,354.15,373.88,NA,NA,NA,NA,NA,NA,"",NA,"","DATE: Oct-12<br><b>Normal cumulative precipitation</b><br>285.6 mm<br>Period: 1991-2020","DATE: Oct-12<br><b>25-75 percentile</b><br>219.1 to 354.1 mm","DATE: Oct-12<br><b>10-90 percentile</b><br>183.1 to 373.9 mm","3065475","RICH+LAKE+AGDM",2001,2024
"10-13",2001-10-13,286.015789473684,141.8,402.2,183.76,219.1,355.8,373.88,NA,NA,NA,NA,NA,NA,"",NA,"","DATE: Oct-13<br><b>Normal cumulative precipitation</b><br>286.0 mm<br>Period: 1991-2020","DATE: Oct-13<br><b>25-75 percentile</b><br>219.1 to 355.8 mm","DATE: Oct-13<br><b>10-90 percentile</b><br>183.8 to 373.9 mm","3065475","RICH+LAKE+AGDM",2001,2024
"10-14",2001-10-14,287.063157894737,143.1,402.2,183.84,219.1,360.45,373.88,NA,NA,NA,NA,NA,NA,"",NA,"","DATE: Oct-14<br><b>Normal cumulative precipitation</b><br>287.1 mm<br>Period: 1991-2020","DATE: Oct-14<br><b>25-75 percentile</b><br>219.1 to 360.5 mm","DATE: Oct-14<br><b>10-90 percentile</b><br>183.8 to 373.9 mm","3065475","RICH+LAKE+AGDM",2001,2024
"10-15",2001-10-15,287.805263157895,143.5,402.2,183.84,219.4,361.1,373.92,NA,NA,NA,NA,NA,NA,"",NA,"","DATE: Oct-15<br><b>Normal cumulative precipitation</b><br>287.8 mm<br>Period: 1991-2020","DATE: Oct-15<br><b>25-75 percentile</b><br>219.4 to 361.1 mm","DATE: Oct-15<br><b>10-90 percentile</b><br>183.8 to 373.9 mm","3065475","RICH+LAKE+AGDM",2001,2024
"10-16",2001-10-16,288.231578947368,143.9,402.6,183.84,219.4,362.4,373.92,NA,NA,NA,NA,NA,NA,"",NA,"","DATE: Oct-16<br><b>Normal cumulative precipitation</b><br>288.2 mm<br>Period: 1991-2020","DATE: Oct-16<br><b>25-75 percentile</b><br>219.4 to 362.4 mm","DATE: Oct-16<br><b>10-90 percentile</b><br>183.8 to 373.9 mm","3065475","RICH+LAKE+AGDM",2001,2024
"10-17",2001-10-17,288.736842105263,143.9,402.6,183.84,219.6,365.9,374.48,NA,NA,NA,NA,NA,NA,"",NA,"","DATE: Oct-17<br><b>Normal cumulative precipitation</b><br>288.7 mm<br>Period: 1991-2020","DATE: Oct-17<br><b>25-75 percentile</b><br>219.6 to 365.9 mm","DATE: Oct-17<br><b>10-90 percentile</b><br>183.8 to 374.5 mm","3065475","RICH+LAKE+AGDM",2001,2024
"10-18",2001-10-18,289.178947368421,143.9,402.6,183.84,219.6,365.9,374.48,NA,NA,NA,NA,NA,NA,"",NA,"","DATE: Oct-18<br><b>Normal cumulative precipitation</b><br>289.2 mm<br>Period: 1991-2020","DATE: Oct-18<br><b>25-75 percentile</b><br>219.6 to 365.9 mm","DATE: Oct-18<br><b>10-90 percentile</b><br>183.8 to 374.5 mm","3065475","RICH+LAKE+AGDM",2001,2024
"10-19",2001-10-19,289.68947368421,146.6,403.6,183.94,219.8,365.9,374.48,NA,NA,NA,NA,NA,NA,"",NA,"","DATE: Oct-19<br><b>Normal cumulative precipitation</b><br>289.7 mm<br>Period: 1991-2020","DATE: Oct-19<br><b>25-75 percentile</b><br>219.8 to 365.9 mm","DATE: Oct-19<br><b>10-90 percentile</b><br>183.9 to 374.5 mm","3065475","RICH+LAKE+AGDM",2001,2024
"10-20",2001-10-20,290.052631578947,146.6,403.6,184.18,219.8,365.9,374.48,NA,NA,NA,NA,NA,NA,"",NA,"","DATE: Oct-20<br><b>Normal cumulative precipitation</b><br>290.1 mm<br>Period: 1991-2020","DATE: Oct-20<br><b>25-75 percentile</b><br>219.8 to 365.9 mm","DATE: Oct-20<br><b>10-90 percentile</b><br>184.2 to 374.5 mm","3065475","RICH+LAKE+AGDM",2001,2024
"10-21",2001-10-21,290.289473684211,146.6,405.3,184.18,220.5,366.6,374.48,NA,NA,NA,NA,NA,NA,"",NA,"","DATE: Oct-21<br><b>Normal cumulative precipitation</b><br>290.3 mm<br>Period: 1991-2020","DATE: Oct-21<br><b>25-75 percentile</b><br>220.5 to 366.6 mm","DATE: Oct-21<br><b>10-90 percentile</b><br>184.2 to 374.5 mm","3065475","RICH+LAKE+AGDM",2001,2024
"10-22",2001-10-22,290.942105263158,150.1,405.7,184.7,220.5,369.15,374.8,NA,NA,NA,NA,NA,NA,"",NA,"","DATE: Oct-22<br><b>Normal cumulative precipitation</b><br>290.9 mm<br>Period: 1991-2020","DATE: Oct-22<br><b>25-75 percentile</b><br>220.5 to 369.1 mm","DATE: Oct-22<br><b>10-90 percentile</b><br>184.7 to 374.8 mm","3065475","RICH+LAKE+AGDM",2001,2024
"10-23",2001-10-23,291.726315789474,150.1,405.7,184.7,220.7,370.15,377.88,NA,NA,NA,NA,NA,NA,"",NA,"","DATE: Oct-23<br><b>Normal cumulative precipitation</b><br>291.7 mm<br>Period: 1991-2020","DATE: Oct-23<br><b>25-75 percentile</b><br>220.7 to 370.1 mm","DATE: Oct-23<br><b>10-90 percentile</b><br>184.7 to 377.9 mm","3065475","RICH+LAKE+AGDM",2001,2024
"10-24",2001-10-24,291.989473684211,153.3,405.7,184.7,220.7,370.15,378.08,NA,NA,NA,NA,NA,NA,"",NA,"","DATE: Oct-24<br><b>Normal cumulative precipitation</b><br>292.0 mm<br>Period: 1991-2020","DATE: Oct-24<br><b>25-75 percentile</b><br>220.7 to 370.1 mm","DATE: Oct-24<br><b>10-90 percentile</b><br>184.7 to 378.1 mm","3065475","RICH+LAKE+AGDM",2001,2024
"10-25",2001-10-25,292.836842105263,153.3,405.7,184.7,220.7,370.6,381.52,NA,NA,NA,NA,NA,NA,"",NA,"","DATE: Oct-25<br><b>Normal cumulative precipitation</b><br>292.8 mm<br>Period: 1991-2020","DATE: Oct-25<br><b>25-75 percentile</b><br>220.7 to 370.6 mm","DATE: Oct-25<br><b>10-90 percentile</b><br>184.7 to 381.5 mm","3065475","RICH+LAKE+AGDM",2001,2024
"10-26",2001-10-26,293.926315789474,153.3,407.3,186.3,221.4,370.6,382.56,NA,NA,NA,NA,NA,NA,"",NA,"","DATE: Oct-26<br><b>Normal cumulative precipitation</b><br>293.9 mm<br>Period: 1991-2020","DATE: Oct-26<br><b>25-75 percentile</b><br>221.4 to 370.6 mm","DATE: Oct-26<br><b>10-90 percentile</b><br>186.3 to 382.6 mm","3065475","RICH+LAKE+AGDM",2001,2024
"10-27",2001-10-27,294.589473684211,153.3,409.6,186.3,221.4,371,383.54,NA,NA,NA,NA,NA,NA,"",NA,"","DATE: Oct-27<br><b>Normal cumulative precipitation</b><br>294.6 mm<br>Period: 1991-2020","DATE: Oct-27<br><b>25-75 percentile</b><br>221.4 to 371.0 mm","DATE: Oct-27<br><b>10-90 percentile</b><br>186.3 to 383.5 mm","3065475","RICH+LAKE+AGDM",2001,2024
"10-28",2001-10-28,295.005263157895,153.3,409.6,186.3,223.8,371,383.54,NA,NA,NA,NA,NA,NA,"",NA,"","DATE: Oct-28<br><b>Normal cumulative precipitation</b><br>295.0 mm<br>Period: 1991-2020","DATE: Oct-28<br><b>25-75 percentile</b><br>223.8 to 371.0 mm","DATE: Oct-28<br><b>10-90 percentile</b><br>186.3 to 383.5 mm","3065475","RICH+LAKE+AGDM",2001,2024
"10-29",2001-10-29,295.684210526316,153.7,413.7,186.3,224.05,371,383.54,NA,NA,NA,NA,NA,NA,"",NA,"","DATE: Oct-29<br><b>Normal cumulative precipitation</b><br>295.7 mm<br>Period: 1991-2020","DATE: Oct-29<br><b>25-75 percentile</b><br>224.0 to 371.0 mm","DATE: Oct-29<br><b>10-90 percentile</b><br>186.3 to 383.5 mm","3065475","RICH+LAKE+AGDM",2001,2024
"10-30",2001-10-30,296.015789473684,154.2,418.2,186.3,224.05,371,383.54,NA,NA,NA,NA,NA,NA,"",NA,"","DATE: Oct-30<br><b>Normal cumulative precipitation</b><br>296.0 mm<br>Period: 1991-2020","DATE: Oct-30<br><b>25-75 percentile</b><br>224.0 to 371.0 mm","DATE: Oct-30<br><b>10-90 percentile</b><br>186.3 to 383.5 mm","3065475","RICH+LAKE+AGDM",2001,2024
"10-31",2001-10-31,296.768421052632,158.8,418.2,186.54,224.05,371.2,386.1,NA,NA,NA,NA,NA,NA,"",NA,"","DATE: Oct-31<br><b>Normal cumulative precipitation</b><br>296.8 mm<br>Period: 1991-2020","DATE: Oct-31<br><b>25-75 percentile</b><br>224.0 to 371.2 mm","DATE: Oct-31<br><b>10-90 percentile</b><br>186.5 to 386.1 mm","3065475","RICH+LAKE+AGDM",2001,2024
